wind_speed_ms,wave_period_s,swell_height_m,sst_anomaly_c,pressure_hpa,sea_state
1.157,4.275,0.099,1.134,1016.89,1
19.127,13.562,6.991,-0.834,987.04,1
22.786,15.127,8.132,2.106,999.92,1
1.766,4.661,0.486,0.857,1013.13,0
1.55,5.173,0.124,-0.158,1029.78,0
0.77,4.939,0.093,-0.792,1006.65,0
2.557,5.357,0.57,1.135,1024.28,0
6.468,6.463,0.746,-0.819,1025.1,0
5.572,6.088,0.781,0.544,1020.13,0
16.315,9.363,4.658,2.554,986.81,1
15.076,12.864,5.842,1.315,995.51,1
0.433,5.181,0.367,0.005,1022.77,0
2.036,5.15,0.179,1.364,1020.66,0
6.959,6.431,0.824,-0.505,1010.2,0
3.114,3.929,0.996,1.768,1021.99,0
2.283,5.127,0.219,0.346,1022.51,0
7.261,7.266,1.123,0.198,1025.94,0
1.331,4.887,0.196,-0.153,1015.68,0
23.161,14.111,8.664,1.379,993.73,1
22.775,16.361,9.523,1.366,987.68,1
1.638,4.95,0.423,1.317,1019.07,0
4.33,5.54,0.591,1.543,1013.95,0
0.569,5.349,0.4,-0.563,1011.45,0
35.0,17.543,15.0,-1.719,994.04,1
5.337,5.418,0.719,1.329,1017.7,0
25.254,16.898,11.342,1.257,988.02,1
4.802,4.765,0.505,1.877,1023.05,0
16.713,13.682,5.412,0.659,990.82,1
28.995,15.083,12.533,1.203,989.63,1
14.805,12.607,4.181,-1.299,1003.59,1
2.621,5.231,0.218,-0.15,1004.08,0
0.815,4.191,0.054,1.045,1024.2,0
3.552,5.234,0.472,0.955,1018.78,0
13.517,11.48,3.767,-1.055,992.32,1
3.873,4.87,0.347,1.6,1025.76,0
35.0,18.843,15.0,0.997,987.84,1
28.431,15.661,12.01,0.708,993.16,1
23.643,16.804,8.704,1.41,990.54,1
2.498,5.667,0.229,-0.112,1007.54,0
27.756,14.455,11.654,2.137,984.49,1
20.204,14.972,7.286,-1.126,988.07,1
19.724,13.302,6.88,-0.717,997.23,1
4.272,5.07,0.449,0.598,1011.06,0
18.683,12.288,6.133,-1.982,980.23,1
3.84,4.999,0.677,1.246,1005.14,0
3.653,4.609,0.912,-1.193,1016.27,1
14.446,11.738,3.793,0.705,988.51,1
27.346,15.874,11.479,-1.463,998.69,1
18.797,13.869,6.563,0.686,988.86,1
2.91,6.765,0.329,0.928,1020.32,0
17.212,12.506,5.181,-1.544,994.09,1
12.374,10.919,3.566,-1.716,988.17,1
3.222,3.535,0.316,0.51,1018.17,0
15.044,14.158,4.035,1.976,979.46,1
1.625,5.429,0.204,-1.221,1023.9,0
3.828,5.919,0.611,1.468,1011.06,0
3.832,6.608,0.915,0.395,1012.43,0
24.261,16.233,9.069,-1.041,1001.84,1
27.595,17.306,12.517,-2.054,992.46,1
2.395,4.831,0.374,1.31,1025.28,0
2.384,6.391,0.369,0.189,1013.54,1
3.403,6.131,0.53,0.257,1018.03,0
3.258,6.476,0.441,0.451,1015.29,0
20.939,13.784,7.071,-0.883,1002.68,1
15.91,14.183,4.508,-1.222,988.64,1
2.18,4.542,0.155,-1.682,1023.59,0
22.903,14.886,9.023,-0.63,998.05,1
17.645,13.761,6.48,0.614,987.96,1
12.705,9.579,3.752,-0.707,989.55,0
1.31,4.079,0.101,-0.109,1017.29,0
26.192,16.81,10.381,1.167,982.6,1
7.377,7.305,1.021,-0.845,1013.31,0
31.512,18.758,14.656,1.215,983.49,1
3.25,5.405,0.841,-0.434,1013.56,0
1.128,5.27,0.148,-1.034,1012.91,0
15.801,13.89,4.819,-0.696,999.31,0
18.902,13.529,6.299,1.611,979.64,1
2.529,4.446,0.222,-0.783,1012.56,0
28.297,16.487,12.346,-0.912,993.09,1
22.138,15.833,7.823,1.779,987.97,1
32.594,17.589,15.0,1.428,1003.46,1
0.846,3.814,0.505,1.972,1023.2,0
1.513,4.608,0.178,-1.365,1021.7,0
28.22,16.621,11.94,-0.702,987.19,1
0.788,3.059,0.127,1.755,1016.78,0
27.165,13.643,12.778,1.255,995.53,1
8.847,7.861,1.449,-1.152,1014.83,0
19.919,14.535,6.913,0.745,1008.25,1
4.012,6.322,0.389,0.446,1018.64,0
23.552,14.662,9.383,-0.323,989.9,1
14.735,13.259,3.91,-0.202,999.99,1
13.017,12.178,3.631,-0.827,1003.68,1
3.6,5.763,0.814,1.876,1018.7,0
2.866,4.707,0.306,-1.089,1021.31,0
2.732,6.183,0.423,0.444,1023.64,0
2.891,4.365,0.403,0.89,1030.97,0
29.163,16.576,13.009,2.392,1001.05,1
35.0,17.882,15.0,1.629,982.69,1
1.824,4.895,0.326,0.015,1018.63,0
35.0,18.528,15.0,1.378,972.75,1
27.59,17.441,11.338,2.693,985.86,1
19.448,12.195,6.542,2.258,988.1,1
13.514,12.453,4.492,-2.13,997.4,1
25.656,14.415,9.97,2.292,1001.28,1
1.456,5.311,0.729,-0.306,1020.4,0
2.798,4.561,0.277,0.156,1012.85,0
7.075,5.688,0.795,0.892,1017.89,0
20.861,15.074,7.596,-0.35,999.67,1
33.767,17.849,15.0,-1.617,995.62,1
35.0,18.741,15.0,-1.22,996.01,1
2.273,5.168,0.484,1.381,1026.18,0
1.057,4.825,0.288,0.956,1012.54,0
32.089,19.085,15.0,1.519,988.33,1
3.344,5.351,0.818,-0.189,1022.37,0
3.47,3.57,0.558,0.779,1024.11,0
2.669,5.18,0.238,0.101,1021.4,0
34.063,20.373,15.0,-0.506,980.04,1
19.956,11.724,6.943,-2.279,990.96,1
1.588,5.338,0.24,-0.35,1019.23,0
1.322,4.153,0.205,1.764,1025.04,0
6.58,6.276,0.802,0.187,1014.61,0
6.401,6.861,0.743,-0.446,1018.11,0
0.462,3.277,0.158,1.519,1018.56,0
1.936,6.81,0.156,-0.693,1012.76,0
22.671,16.385,8.489,1.623,989.09,1
6.091,7.355,0.712,-1.041,1017.31,0
35.0,17.542,15.0,1.757,988.24,1
1.716,4.876,0.245,-0.106,1027.26,0
14.894,12.482,4.441,0.604,1007.16,1
6.218,5.797,0.648,-0.682,1012.95,0
18.368,12.414,5.912,1.962,992.9,1
30.766,18.287,13.672,2.427,985.77,1
26.809,16.647,11.963,-0.207,984.4,1
15.251,10.287,5.119,0.205,989.59,1
19.779,11.757,6.416,-0.901,997.6,1
18.988,12.276,6.945,-0.429,975.86,1
1.986,5.8,0.142,-0.003,1013.69,0
22.248,13.993,7.876,1.856,993.24,1
5.557,5.685,0.553,-1.372,1009.61,0
0.799,4.079,0.121,-1.324,1024.34,0
19.078,13.966,7.166,-2.117,990.55,1
3.476,5.057,0.546,1.937,1005.72,0
19.557,13.446,6.974,2.034,1000.01,1
12.065,9.957,4.379,-3.246,994.75,1
20.575,15.846,7.306,-0.578,980.17,1
16.672,13.938,5.205,1.211,997.53,1
25.7,15.009,10.983,1.529,989.51,1
3.475,5.844,0.644,0.347,1024.71,0
22.474,13.026,8.98,0.545,981.1,1
33.187,17.082,15.0,-0.34,995.96,1
2.502,4.847,0.471,0.038,1031.76,0
19.352,14.349,6.397,1.194,994.96,1
0.805,5.085,1.208,0.441,1018.64,0
16.07,11.651,5.827,-0.699,1003.94,1
17.406,14.097,5.288,-1.831,997.72,1
0.573,3.889,0.389,-0.167,1026.84,0
8.292,7.21,1.569,0.59,1017.28,0
18.701,14.915,6.221,1.651,996.92,1
18.707,10.864,6.504,1.529,987.89,1
21.521,12.69,7.618,1.652,997.67,1
17.989,11.837,5.63,1.578,996.25,1
3.07,4.392,0.245,0.601,1021.79,0
35.0,19.2,15.0,1.953,994.46,1
8.582,6.828,1.039,1.312,1017.04,0
4.519,6.391,0.564,0.359,1019.39,0
19.815,12.68,6.777,-1.694,993.55,1
3.509,5.855,0.394,0.338,1017.31,0
15.37,13.05,4.218,1.481,992.88,1
17.397,12.916,5.536,-1.236,998.7,1
7.855,7.258,0.898,-1.483,1020.97,0
32.442,16.023,15.0,0.726,967.28,1
28.655,16.525,13.638,1.547,984.46,1
31.615,18.75,14.965,2.064,985.87,1
2.056,5.076,0.149,0.103,1017.37,0
7.664,6.432,0.989,1.224,1020.13,0
16.559,12.997,4.822,-0.991,1002.56,1
26.558,16.802,10.725,1.196,986.46,1
29.273,15.441,12.583,1.539,992.03,1
2.883,5.95,0.454,-1.232,1018.04,0
5.023,6.491,0.777,1.338,1016.95,0
23.068,14.917,8.686,-1.228,998.47,1
0.658,4.776,0.649,0.606,1027.43,0
0.553,4.327,0.122,0.235,1017.44,0
2.643,4.253,0.405,1.972,1012.7,0
3.009,5.553,0.417,1.074,1024.77,0
23.814,14.716,9.655,-0.729,989.9,1
4.799,5.872,0.458,0.383,1021.71,0
32.519,16.228,15.0,1.747,992.82,1
29.493,15.631,12.676,0.274,996.33,1
26.682,15.911,11.222,1.506,986.14,1
28.999,15.71,13.185,-0.449,989.86,1
4.46,6.045,0.688,0.707,1018.82,0
7.539,6.115,1.439,-0.078,1025.53,0
11.849,11.759,3.002,0.73,983.16,1
5.539,6.902,0.692,1.863,1018.91,0
3.869,4.589,0.385,0.379,1027.87,0
1.244,5.45,0.07,0.033,1023.53,0
17.075,12.794,5.054,3.139,980.05,1
16.445,14.026,6.208,-1.42,1006.32,1
1.671,4.81,0.197,1.033,1012.8,0
5.518,6.173,0.639,0.149,1020.41,0
15.839,12.234,4.441,-2.812,986.99,1
11.527,10.336,2.932,1.996,998.09,1
10.0,6.447,1.391,1.125,1011.93,0
1.679,6.022,0.382,0.72,1023.57,0
16.191,12.313,4.855,0.586,977.88,1
1.526,4.491,0.672,0.514,1017.99,0
27.109,15.434,11.537,1.889,980.78,1
2.229,6.034,0.259,-0.724,1019.88,0
3.857,5.521,0.767,1.202,1018.34,0
1.765,4.644,0.173,0.437,1035.35,0
5.177,5.503,0.505,1.682,1017.86,0
22.733,15.08,8.153,-2.158,997.05,1
2.371,5.518,0.347,1.332,1014.9,0
2.176,5.64,0.279,2.099,1020.71,0
22.978,13.046,8.493,-2.523,984.68,1
20.081,14.321,6.712,-1.201,1002.19,1
13.838,13.733,4.55,-0.461,995.77,1
2.119,2.865,0.188,-1.881,1014.7,0
23.189,13.482,8.531,1.329,995.7,1
14.693,12.695,4.179,2.071,992.31,1
28.417,15.263,12.296,-1.369,983.14,1
5.381,6.642,0.605,-0.075,1014.09,0
24.026,13.355,10.535,0.533,993.47,1
2.403,3.889,0.508,-0.938,1028.08,0
30.78,15.701,14.946,1.863,1002.96,1
1.317,5.477,0.201,0.968,1020.87,0
5.416,7.861,0.621,-0.476,1019.34,0
1.931,4.16,0.287,-0.58,1017.73,0
31.805,16.189,14.587,1.11,996.08,1
35.0,17.078,15.0,1.588,981.54,1
18.827,14.401,6.289,-1.987,1000.92,1
14.517,14.137,4.138,1.041,995.11,1
23.525,14.325,8.718,0.498,982.2,1
4.439,6.69,1.113,0.394,1011.54,0
23.427,14.108,8.623,1.035,980.87,0
24.646,15.067,9.96,-1.689,984.58,1
18.765,13.91,5.892,1.56,982.26,1
16.552,15.629,4.967,-1.435,996.34,1
0.967,5.626,0.05,0.562,1021.57,0
33.97,18.227,15.0,2.622,981.66,1
3.439,5.887,0.358,0.987,1022.56,0
0.686,4.992,0.2,-0.44,1006.61,0
17.206,13.513,5.466,1.416,984.0,1
21.688,15.229,7.565,2.038,996.75,1
16.635,15.309,4.93,0.148,994.67,1
7.997,6.026,0.994,0.042,1018.73,0
3.454,5.777,0.306,-0.368,1019.58,0
7.085,6.452,0.874,-0.87,1014.35,0
2.639,4.692,0.292,0.131,1011.09,0
1.652,4.834,0.291,0.997,1010.63,0
35.0,18.461,15.0,-1.162,1004.03,1
22.966,13.219,8.676,-1.531,983.25,1
13.131,10.254,3.314,1.077,985.51,1
0.404,4.503,0.089,-0.217,1024.69,0
20.379,13.219,7.183,1.981,974.24,1
23.322,16.357,8.785,-1.087,985.4,1
6.027,6.028,0.661,-1.145,1014.64,0
35.0,20.69,15.0,-0.699,981.27,1
4.836,5.84,0.687,0.646,1020.89,0
24.534,15.993,9.553,2.641,987.14,1
7.099,5.279,0.79,-0.795,1011.54,0
2.105,4.656,0.149,0.519,1022.89,0
2.446,5.796,0.287,-0.341,1013.26,0
4.599,6.396,0.424,0.241,1016.26,0
17.19,11.612,6.07,1.499,1005.2,1
22.897,14.959,8.458,-1.039,984.7,1
18.484,14.852,6.435,1.483,984.12,1
17.424,13.486,5.353,-0.578,990.51,1
23.733,15.466,8.794,1.287,996.17,1
17.194,10.736,6.238,-2.889,997.52,1
3.354,5.188,0.325,0.917,1008.84,0
15.073,12.642,4.3,-1.262,992.26,1
6.976,6.222,1.331,1.274,1025.41,0
23.244,17.15,9.342,1.714,989.39,1
17.346,12.684,5.311,0.062,1003.16,1
26.915,15.097,11.485,-2.212,986.15,1
6.179,7.215,0.724,-1.096,1013.33,0
1.962,6.218,0.442,-0.262,1025.85,0
2.825,5.157,0.3,0.066,1014.88,0
4.638,5.986,0.628,-0.124,1020.37,0
1.127,4.852,0.118,0.249,1023.09,0
1.09,6.351,0.093,-0.583,1018.48,0
7.089,6.645,1.018,0.962,1012.44,0
3.26,5.542,1.058,-1.647,1014.61,0
30.29,18.58,13.226,2.044,990.39,1
26.051,16.263,10.251,2.793,998.55,1
2.195,4.447,0.204,0.054,1022.48,0
15.032,12.598,4.208,1.423,1000.13,1
20.104,12.873,6.835,1.922,1003.98,1
19.552,12.574,7.368,0.023,984.07,1
13.78,13.63,3.698,2.13,1002.29,1
32.468,20.111,15.0,0.52,988.62,1
18.856,13.594,6.221,-1.189,998.73,1
20.502,14.693,6.862,1.424,989.77,1
28.513,16.699,12.433,-1.779,984.43,1
1.57,4.362,0.282,0.78,1011.5,0
18.039,11.902,7.473,2.285,998.89,1
1.363,3.182,0.547,-0.33,1008.44,0
6.62,6.459,1.015,1.345,1019.13,0
11.631,11.36,3.605,-0.795,998.08,1
25.097,14.557,11.091,2.869,1000.88,1
3.713,6.363,0.315,1.324,1024.7,0
4.434,6.722,0.634,0.141,1015.76,0
19.015,12.898,6.062,1.22,988.48,1
4.16,4.969,0.408,-0.201,1016.39,0
9.931,5.301,1.281,1.254,1014.56,0
25.369,16.038,10.326,-0.85,990.37,1
4.413,5.175,0.878,0.273,1008.46,1
27.079,17.847,11.219,-2.108,1002.55,1
28.043,15.801,11.621,-0.922,999.21,1
5.918,6.782,1.072,0.742,1017.01,0
30.25,17.769,13.455,-0.746,989.38,1
5.445,5.295,0.699,0.397,1026.59,0
18.731,10.959,5.967,1.479,983.44,1
14.909,13.951,4.635,1.282,1014.97,1
20.658,12.841,7.06,-0.596,987.72,1
15.695,14.448,4.938,-1.614,997.82,1
1.044,2.725,0.212,-0.291,1015.39,0
19.977,16.177,6.883,-0.483,991.69,1
5.243,5.161,0.704,1.64,1020.64,0
3.398,3.822,0.353,-0.409,1016.36,0
1.74,4.662,0.178,1.044,1012.64,0
35.0,18.111,15.0,-1.308,987.08,1
1.488,5.193,0.62,0.327,1007.84,0
6.892,6.981,1.016,-0.263,1016.6,0
18.644,16.09,6.399,0.515,995.36,1
35.0,19.805,15.0,-1.076,977.39,1
3.454,5.496,0.386,-0.188,1023.32,0
2.767,6.306,0.26,0.181,1031.36,0
18.674,12.553,6.708,-0.31,977.47,1
0.975,4.159,0.543,1.729,1014.49,0
19.498,11.917,6.263,1.849,980.16,1
17.03,15.388,5.777,-0.121,991.6,1
3.995,4.518,0.719,-0.893,1015.2,0
20.991,15.767,7.223,1.199,995.93,1
33.083,19.133,15.0,-1.106,1005.8,1
0.719,3.896,0.276,-1.015,1001.82,0
12.685,13.447,3.406,0.927,982.15,1
26.808,18.444,11.115,0.813,986.87,1
35.0,17.762,15.0,-1.06,987.75,1
4.612,5.27,0.786,0.372,1021.29,0
17.327,14.196,5.114,-2.096,996.88,1
22.137,16.381,8.19,0.812,986.81,1
21.016,15.015,7.335,1.142,993.42,1
17.409,14.317,6.885,1.676,1002.71,1
33.219,16.659,15.0,-0.758,990.31,1
20.315,12.396,6.874,-1.357,985.22,1
2.686,5.213,0.276,1.35,1019.79,0
17.996,13.484,5.919,-0.54,1003.06,1
1.739,5.73,0.562,0.392,1020.09,0
20.772,13.639,7.178,2.237,996.52,1
11.64,11.63,3.451,-1.368,990.07,1
23.446,14.028,8.806,-1.33,984.61,1
10.0,6.436,1.337,-0.075,1006.98,0
14.381,13.297,4.18,-0.303,990.23,1
21.004,15.211,7.188,0.867,980.44,1
19.922,16.058,6.835,-0.881,988.99,1
3.558,7.477,0.364,-0.544,1013.98,0
10.0,7.731,1.284,0.025,1015.3,0
0.444,4.057,0.05,0.439,1022.31,1
29.316,15.327,12.593,2.46,976.88,1
5.111,5.568,0.597,1.145,1017.32,0
17.543,14.79,5.315,0.579,996.73,1
30.465,17.097,13.326,1.026,983.43,1
1.288,5.541,0.528,-0.608,1024.76,0
1.916,4.028,0.158,1.704,1022.67,0
1.452,4.83,0.198,0.152,1022.63,0
2.766,4.255,0.702,-1.403,1017.98,0
5.276,4.499,0.709,0.25,1018.86,1
17.838,12.999,6.94,1.31,990.34,1
17.146,10.414,5.363,0.696,987.94,1
14.729,12.193,4.417,-2.803,998.45,1
30.956,16.928,14.181,1.355,1007.13,1
0.822,4.227,0.148,-0.008,1007.78,0
24.834,16.863,9.807,-1.461,990.23,1
4.516,5.393,0.67,0.742,1014.34,0
3.485,6.121,0.479,0.075,1025.33,0
4.841,6.934,0.505,0.231,1025.58,0
15.828,13.414,4.525,-1.036,988.53,1
14.789,12.924,4.317,-1.015,995.24,1
5.935,6.926,0.672,0.969,1012.37,0
35.0,19.29,15.0,1.191,988.55,1
35.0,16.453,15.0,-1.937,991.87,1
28.463,17.001,13.112,1.347,984.48,1
26.115,15.48,10.605,-1.659,999.0,1
3.469,6.438,0.555,2.385,1018.38,1
14.815,12.158,4.0,-1.845,1015.0,1
23.15,15.042,8.354,-2.827,986.85,1
2.41,4.229,0.269,-0.175,1015.66,0
5.03,5.283,0.54,-0.528,1011.99,0
29.335,17.179,12.698,-1.311,987.67,1
15.515,12.524,4.722,0.214,990.42,1
1.924,5.472,0.315,-0.614,1022.21,0
27.614,15.809,11.427,1.744,988.4,1
16.788,13.925,5.497,1.852,988.62,1
4.238,5.989,0.548,-1.649,1011.73,0
3.767,5.194,0.797,0.732,1012.4,0
35.0,19.766,15.0,-1.607,975.72,1
8.138,5.654,1.165,-0.692,1014.98,0
22.76,15.28,8.189,0.791,985.94,1
5.176,5.994,0.659,-1.725,1016.42,0
18.621,12.568,6.917,-1.102,1003.39,1
20.284,14.134,6.704,3.372,981.53,1
5.958,6.874,0.706,1.529,1007.8,1
17.647,12.59,5.966,2.962,995.66,1
1.037,6.386,0.288,-1.034,1027.55,0
14.917,14.622,4.48,0.958,1003.15,1
20.77,12.356,7.116,2.252,989.36,1
35.0,17.902,15.0,-1.368,989.03,1
24.628,16.074,9.374,1.3,1000.9,1
26.447,17.6,11.807,0.091,998.26,0
21.329,13.506,8.449,2.999,992.9,1
20.535,16.867,7.042,0.377,998.36,1
18.154,12.17,6.896,-0.939,989.03,1
1.08,4.787,0.188,0.628,1023.16,0
19.961,13.97,7.838,-1.539,981.32,1
4.009,5.301,0.693,2.229,1024.26,1
2.779,5.482,0.268,0.978,1022.21,0
16.827,14.774,5.333,2.43,986.32,1
15.03,14.953,4.013,1.328,982.63,0
3.507,4.133,0.351,0.443,1018.39,0
24.302,14.246,9.433,2.07,989.21,1
20.949,15.595,8.164,0.721,981.74,1
29.116,16.221,13.019,-0.845,990.62,1
6.121,5.514,0.671,0.512,1014.38,0
2.336,5.164,0.711,0.72,1014.63,0
4.449,4.81,0.537,0.771,1028.39,0
29.588,17.984,12.934,2.126,975.44,1
7.607,6.443,0.857,1.313,1019.45,0
3.135,5.839,0.351,-1.011,1011.98,0
1.635,4.476,1.07,1.405,1029.78,0
2.106,5.925,0.231,1.836,1014.75,0
2.389,5.016,0.307,-1.541,1010.93,0
4.147,6.33,0.682,0.701,1015.32,0
19.5,15.061,6.67,0.409,986.43,1
12.563,12.485,3.447,-1.287,988.67,1
2.166,4.581,0.329,0.627,1015.17,0
32.169,17.701,14.688,-0.419,997.35,1
31.097,19.864,14.596,0.243,995.49,1
1.258,4.743,0.156,0.72,1014.59,0
17.548,12.438,5.301,2.557,989.82,1
3.392,3.873,0.363,2.238,1005.59,0
3.821,6.309,0.414,0.824,1014.62,0
19.031,13.884,7.508,-1.077,982.01,1
1.136,4.421,0.167,-0.781,1017.5,0
22.385,14.158,8.011,0.509,985.73,1
35.0,18.606,15.0,2.334,989.07,1
5.234,6.085,0.52,-0.626,1026.35,0
22.65,17.481,8.643,-1.13,998.35,1
0.629,4.516,0.127,0.797,1016.94,0
27.775,16.043,11.88,0.785,985.35,1
32.504,16.623,15.0,1.122,988.47,1
1.544,6.392,0.129,0.494,1013.0,0
31.998,17.751,15.0,-1.498,983.34,1
33.78,17.758,15.0,-1.428,983.18,1
8.908,6.991,1.219,1.16,1014.32,0
0.516,4.426,0.116,-0.123,1017.28,0
1.05,5.624,0.116,-0.547,1007.66,0
0.478,4.929,0.05,0.212,1020.17,0
4.03,4.084,0.372,-0.921,1022.62,1
25.975,14.877,10.521,3.006,992.91,1
13.47,13.341,3.442,-0.652,983.73,1
18.145,13.437,6.494,-0.678,987.31,1
2.855,4.849,0.361,0.094,1014.43,0
26.337,14.947,10.654,0.389,994.04,1
15.27,10.573,4.715,2.258,987.46,1
22.928,16.597,8.367,-1.405,978.84,1
12.175,11.978,2.836,-0.477,998.66,1
2.158,4.144,0.507,0.422,1012.99,0
2.402,5.109,0.512,-1.118,1019.4,0
1.642,6.747,0.205,1.334,1014.96,0
13.708,10.962,3.599,-0.349,997.56,1
9.878,6.822,1.38,1.157,1009.69,0
16.477,14.693,4.936,0.115,995.95,1
28.063,16.81,12.772,-1.368,995.98,1
5.357,6.203,0.689,0.826,1020.42,0
2.878,7.74,0.285,0.175,1011.48,0
30.994,16.451,13.859,0.509,983.33,1
5.717,5.092,0.915,0.874,1011.81,1
3.941,5.451,0.654,0.626,1027.11,0
1.95,5.487,0.269,-0.323,1014.86,0
12.083,9.913,3.313,-0.416,991.08,1
3.665,3.251,0.318,0.54,1010.2,0
2.979,4.521,0.253,-0.662,1011.41,0
2.351,6.035,0.311,1.818,1019.92,0
28.17,16.562,12.048,-2.816,988.12,1
2.87,5.626,0.277,0.805,1008.63,0
28.125,18.025,11.67,1.2,1002.98,1
9.584,9.09,2.124,-0.485,988.91,1
1.467,3.928,0.564,0.384,1023.03,0
5.661,5.88,0.901,0.854,1022.7,0
21.643,14.282,10.032,-1.286,982.2,1
2.676,6.419,0.446,0.553,1017.31,0
20.198,16.317,7.324,-1.121,987.21,1
21.937,15.779,8.343,-1.287,987.89,1
28.222,15.221,12.418,-0.697,991.68,1
26.055,13.451,10.226,2.458,995.09,1
4.018,4.551,0.469,0.672,1024.6,1
14.634,10.621,4.013,-1.455,990.08,1
2.539,5.288,0.244,1.363,1021.44,0
2.393,3.985,0.536,1.935,1004.97,0
0.875,4.327,0.818,0.647,1019.85,0
1.665,5.438,0.331,0.999,1018.5,0
0.687,4.217,0.278,0.063,1015.6,0
29.843,15.919,13.063,-1.249,992.73,1
31.894,16.959,15.0,1.445,997.91,1
2.688,4.239,0.214,0.591,1019.09,0
1.464,4.923,0.174,1.282,1019.58,0
35.0,17.562,15.0,0.836,989.11,1
1.34,3.752,0.189,0.518,1025.44,0
4.921,5.54,0.538,-0.358,1021.91,0
19.61,11.865,6.616,-1.646,981.56,1
33.652,18.324,15.0,-1.029,981.53,1
23.939,14.125,8.916,-1.443,988.7,1
16.822,13.865,4.967,0.797,994.91,1
10.0,5.21,1.268,0.803,1018.04,0
4.3,5.373,0.409,0.533,1023.14,0
35.0,20.185,15.0,2.491,981.47,1
15.906,12.446,5.03,-2.299,997.01,1
21.934,16.719,8.192,-0.865,999.17,1
32.977,18.92,15.0,0.805,1003.12,1
2.129,4.721,0.272,-0.213,1021.64,0
3.649,5.133,0.323,0.389,1025.24,0
4.583,6.511,0.597,0.455,1013.34,0
5.652,6.553,0.615,0.397,1024.34,0
8.102,6.281,1.274,0.983,1024.53,0
2.535,4.679,0.198,0.925,1016.05,0
1.688,4.496,0.355,0.692,1019.25,0
1.013,4.494,0.142,-0.199,1015.13,0
19.888,13.165,6.659,1.458,996.07,1
20.535,14.511,7.015,2.044,1004.72,1
2.616,6.118,0.296,1.22,1012.94,0
35.0,18.924,15.0,-1.604,983.19,1
24.24,14.909,9.646,1.831,988.44,1
4.268,7.086,0.462,0.375,1015.68,0
12.692,11.609,3.406,0.716,987.18,1
27.642,15.943,12.454,1.708,1005.56,1
0.735,5.078,0.177,-0.641,1017.58,0
24.128,16.332,9.13,1.24,993.66,1
26.822,15.347,10.778,2.537,982.95,1
35.0,21.617,15.0,-0.718,999.61,1
4.873,5.808,1.014,0.737,1022.26,0
15.273,10.444,4.234,0.856,1004.21,1
33.089,17.729,15.0,-1.326,987.52,1
30.098,18.706,13.257,1.234,986.82,1
35.0,20.159,15.0,0.731,986.5,1
2.728,5.281,0.333,1.529,1021.62,0
3.281,6.4,0.303,0.19,1024.68,0
17.575,13.326,6.011,-0.847,999.19,1
10.0,6.792,1.341,-1.144,1021.94,0
2.362,4.288,0.219,1.145,1020.47,0
27.414,15.498,11.484,2.253,991.36,1
5.169,6.524,0.528,0.251,1023.05,0
10.0,7.556,1.841,0.299,1016.03,0
8.188,8.224,0.972,0.376,1024.83,0
6.952,6.381,1.306,-0.281,1020.59,0
6.584,6.957,0.748,-0.519,1016.13,0
6.985,7.394,0.8,1.086,1023.92,0
3.915,5.409,0.496,-1.438,1009.03,0
6.655,6.291,1.147,0.56,1015.84,0
23.381,14.782,8.638,1.271,991.29,1
10.0,6.593,2.151,1.663,1003.37,0
31.299,16.136,14.614,0.293,992.96,1
26.268,13.354,10.36,-1.591,976.58,1
1.711,4.528,0.634,0.027,1010.93,0
25.226,13.623,10.64,-2.855,982.37,0
24.672,16.784,9.863,2.395,984.96,1
15.099,12.658,4.042,-0.696,1001.21,1
1.804,4.029,0.127,0.163,1004.97,0
27.792,14.689,12.026,1.156,1003.19,1
1.731,6.545,0.224,0.559,1019.66,0
2.104,5.142,0.263,0.582,1025.85,0
2.689,5.374,0.354,-0.097,1013.46,1
22.781,15.722,8.186,1.297,996.25,1
5.639,6.086,1.126,2.254,1014.79,0
7.1,5.141,0.858,0.457,1012.34,0
18.258,14.808,6.452,3.03,983.15,1
15.997,10.916,4.777,1.729,999.17,1
1.556,4.922,0.116,-0.039,1026.93,0
3.238,5.558,0.527,0.325,1025.45,0
10.0,7.044,1.264,0.184,1012.64,0
12.488,10.154,3.18,-0.627,1000.85,1
24.447,16.777,9.215,-1.15,989.27,1
3.831,5.507,0.846,-0.423,1010.44,0
1.709,5.619,0.19,-0.271,1029.75,0
6.008,4.894,0.674,0.113,1030.53,0
0.95,4.25,0.095,0.134,1020.35,0
4.463,5.664,0.602,1.627,1011.01,0
14.354,12.552,4.923,-1.136,997.73,1
21.835,16.925,7.589,1.417,996.9,1
2.273,5.276,0.258,1.08,1018.36,0
29.575,16.155,13.221,1.522,996.28,1
22.511,15.524,8.447,-2.195,988.24,1
28.318,17.579,11.903,2.602,995.48,1
19.836,14.53,6.577,-0.412,979.88,1
17.885,14.554,6.041,-0.987,1006.59,1
2.348,5.528,0.296,0.427,1011.71,0
15.886,14.191,4.838,2.091,993.4,1
18.963,12.915,6.699,1.955,993.85,1
3.329,6.584,0.512,-1.322,1016.9,0
23.516,14.6,10.696,1.847,983.12,1
34.082,16.218,15.0,-1.373,991.23,1
18.98,11.411,6.431,0.891,996.91,1
35.0,21.472,15.0,-1.042,991.49,1
20.929,13.636,7.21,1.685,992.34,1
2.026,6.318,0.328,0.735,1017.32,1
18.371,13.644,5.761,1.169,999.07,1
7.509,6.871,0.85,-0.626,1013.58,1
7.17,7.386,0.94,0.396,1029.38,0
35.0,21.828,15.0,2.091,978.59,1
16.477,10.481,5.696,0.203,991.91,1
1.553,4.625,0.156,0.531,1015.95,0
1.863,4.458,0.378,1.49,1022.41,1
21.324,15.234,7.465,1.231,984.0,0
5.548,6.555,0.572,-0.07,1019.94,0
17.259,13.706,5.499,1.033,985.57,1
10.0,5.911,1.341,-0.926,1019.34,0
1.914,5.633,0.128,1.862,1013.0,0
16.647,13.377,5.321,1.667,996.83,1
22.217,15.143,9.732,1.427,986.01,1
4.938,5.995,1.039,0.837,1005.44,0
6.547,4.447,0.713,1.514,1017.39,0
17.991,13.796,5.457,-0.832,999.11,1
14.955,12.11,4.189,0.884,982.93,1
6.869,5.541,0.836,-0.597,1022.68,0
1.006,4.529,0.06,0.25,1017.96,0
35.0,18.298,15.0,2.704,977.33,1
0.758,4.392,0.164,1.764,1022.7,0
2.159,4.75,0.277,-0.043,1035.18,0
15.071,14.221,4.582,0.538,1001.24,1
24.792,14.923,9.812,-2.023,994.54,1
7.651,5.714,0.927,0.807,1019.56,0
10.0,7.516,1.318,0.254,1016.85,0
21.899,14.51,8.813,1.609,1001.33,1
2.656,5.431,0.226,0.361,1020.74,0
0.978,4.185,0.184,0.861,1020.12,0
6.048,6.893,1.034,1.598,1008.49,0
10.856,9.718,2.769,-0.355,994.31,1
23.352,17.877,8.829,0.219,979.65,1
4.244,6.33,0.777,-1.06,1019.4,0
2.999,5.598,1.273,0.697,1014.31,0
3.584,5.461,0.57,3.075,1010.7,0
5.67,6.04,1.013,0.013,1017.87,0
6.235,7.02,0.675,0.845,1014.46,0
1.33,4.677,0.398,-1.347,1017.95,0
1.87,5.365,0.218,1.036,1011.12,0
21.875,17.199,8.911,1.422,1003.38,1
0.984,4.619,0.16,0.649,1015.02,0
2.022,3.746,0.177,0.519,1021.83,0
0.805,5.76,0.053,-0.001,1016.49,0
15.815,12.049,5.089,-2.112,1001.79,1
17.117,10.505,5.013,-2.304,985.13,1
30.206,16.263,13.353,1.244,1003.86,1
35.0,18.97,15.0,-1.704,992.79,1
4.742,4.948,0.506,0.861,1007.38,0
1.4,4.678,0.282,-1.556,1026.74,0
35.0,17.737,15.0,1.458,988.53,1
19.086,11.498,6.759,0.629,971.56,1
31.691,19.595,14.625,0.589,996.2,1
3.204,5.791,0.389,1.683,1026.85,0
1.543,5.403,0.249,0.956,1017.98,0
1.783,4.879,0.215,1.404,1012.05,0
19.478,12.024,6.807,0.316,987.27,1
0.983,5.131,0.147,0.978,1021.85,0
29.043,16.658,12.81,1.562,976.26,1
33.888,19.738,15.0,-1.883,987.57,1
18.581,11.96,5.839,-1.826,994.22,1
17.587,13.39,5.298,1.541,994.43,1
1.557,4.676,0.168,1.909,1015.53,0
17.713,12.688,5.49,1.791,994.62,1
18.24,15.83,5.571,-0.594,993.06,1
2.034,4.938,0.271,-0.427,1018.92,0
29.581,15.729,13.069,-1.508,1009.29,1
5.708,7.622,0.694,0.799,1010.9,0
14.138,12.516,3.94,-1.018,992.02,1
13.435,10.334,3.871,2.535,989.77,1
22.481,14.342,9.025,2.163,990.43,1
4.908,6.242,0.482,0.45,1015.06,0
35.0,20.133,15.0,0.824,994.75,1
3.977,5.194,0.562,0.552,1018.58,0
1.517,5.783,0.203,-0.131,1020.25,0
26.67,12.655,11.149,2.179,975.24,1
10.0,6.335,1.355,1.794,1012.96,0
18.107,13.804,5.921,0.65,978.33,1
3.896,5.519,0.412,0.289,1013.51,1
2.548,5.332,0.298,0.416,1019.18,0
14.218,10.267,5.003,1.537,989.74,1
2.732,5.468,0.329,-0.617,1010.97,0
18.264,12.911,6.307,3.204,996.42,1
31.077,17.953,14.14,2.666,993.71,1
12.2,10.806,3.055,-0.823,989.77,1
25.887,13.967,10.311,1.268,983.2,1
10.0,5.848,1.302,-0.042,1010.61,0
18.222,14.489,5.855,1.804,1005.93,1
4.517,5.655,0.59,2.215,1025.38,0
31.822,17.058,15.0,0.63,976.76,1
3.937,5.886,0.434,-1.105,1011.57,0
11.699,12.857,2.673,2.23,992.57,1
10.0,6.841,1.615,0.417,1010.56,0
35.0,18.775,15.0,2.808,995.09,1
2.328,6.281,0.171,0.954,1027.2,0
2.344,5.791,0.273,2.166,1019.48,0
13.93,11.05,3.655,0.327,1009.9,1
4.766,5.677,0.498,0.497,1018.99,0
1.882,4.209,0.786,0.038,1027.55,0
17.384,13.852,5.262,2.064,1002.82,1
3.077,6.094,0.47,2.003,1019.92,0
12.66,11.438,3.521,1.447,1009.59,1
24.402,14.966,10.121,0.927,990.98,1
14.514,12.911,4.617,-0.25,997.4,1
5.557,6.364,0.577,-0.516,1020.6,0
30.631,17.039,14.879,-1.079,989.37,1
14.149,12.981,3.7,-0.827,987.78,1
3.887,5.245,0.505,-0.65,1018.2,0
3.001,3.893,0.237,-0.273,1015.58,0
0.504,4.38,0.374,-0.717,1010.99,0
19.689,15.147,6.504,1.595,982.52,1
17.606,13.94,5.268,1.638,984.19,1
1.688,4.937,0.289,0.478,1023.28,0
27.592,15.827,11.324,2.296,978.21,1
1.095,4.545,0.057,1.241,1009.46,0
31.12,17.63,14.627,0.865,970.08,1
4.842,4.325,0.683,1.71,1012.3,0
32.848,17.808,15.0,1.601,982.49,1
6.151,5.235,0.704,-0.968,1007.13,0
26.394,17.309,10.485,1.791,1004.33,1
24.311,14.855,9.177,-2.535,979.59,1
6.562,6.942,1.179,1.013,1020.47,0
1.964,5.264,0.261,0.782,1022.11,0
2.155,5.523,0.471,0.25,1014.04,0
14.066,13.293,3.845,1.402,992.21,1
14.654,12.664,3.958,1.609,975.93,1
23.076,13.366,8.405,1.628,993.91,1
9.617,6.543,1.302,0.924,1012.73,0
2.317,4.529,0.256,0.32,1028.27,0
4.375,5.655,0.542,1.511,1013.13,0
3.022,6.466,0.432,1.502,1009.1,0
14.595,10.75,4.218,0.827,989.61,1
32.182,19.352,15.0,1.314,980.21,1
3.271,4.768,0.35,0.683,1018.12,0
21.987,16.054,8.333,-1.919,986.01,1
25.684,15.147,10.164,1.433,1000.28,1
19.913,14.361,6.91,-0.845,1002.01,1
17.486,14.301,5.678,1.649,1010.03,1
10.0,5.814,1.266,-0.017,1021.04,0
2.745,6.621,0.364,-0.146,1024.16,0
3.874,6.273,0.595,-0.058,1012.26,0
2.327,3.503,0.436,0.263,1019.88,0
20.02,13.174,6.731,1.311,990.16,1
31.286,18.33,14.802,-1.183,998.48,1
2.25,5.309,0.23,-1.698,1020.35,0
15.976,11.986,4.555,-1.531,989.47,1
24.797,14.835,9.423,-1.242,981.87,1
22.963,12.621,8.247,1.472,996.8,1
2.932,4.568,0.241,0.247,1013.7,0
1.716,5.01,0.204,-0.028,1017.59,0
5.301,7.004,0.68,-0.018,1022.83,0
4.737,4.904,0.675,-0.961,1010.85,0
34.152,17.299,15.0,-1.449,985.65,1
1.975,5.34,0.289,-0.484,1026.66,0
35.0,19.766,15.0,-1.123,969.38,1
12.07,12.118,2.869,0.774,987.36,1
3.999,5.905,0.374,1.041,1020.37,0
28.391,14.859,11.859,1.071,980.36,1
17.299,12.76,5.262,0.715,1003.3,1
35.0,19.702,15.0,0.573,977.43,1
9.598,11.971,2.66,-2.128,1008.06,1
2.198,5.667,0.228,1.478,1015.75,0
19.396,12.651,6.487,-2.001,983.7,1
23.075,15.753,8.992,-1.91,991.33,1
28.67,16.517,14.717,1.293,976.52,1
3.351,5.041,0.837,1.64,1011.82,0
5.233,5.487,0.631,0.722,1010.96,0
3.1,4.245,0.257,0.538,1014.47,0
3.456,4.706,0.297,-0.558,1017.27,0
2.932,4.892,0.591,-0.916,1018.28,0
4.515,5.657,0.438,0.587,1009.16,0
1.89,5.552,0.276,1.156,1013.99,0
35.0,16.833,15.0,-0.203,982.23,1
2.497,3.63,0.495,0.288,1021.21,0
22.969,14.583,10.605,0.855,1005.31,1
3.927,5.958,0.618,0.81,1017.06,0
4.029,6.053,0.402,-0.601,1020.17,0
2.485,4.3,0.385,-0.343,1020.44,0
2.072,6.166,0.272,0.441,1015.36,0
5.845,5.474,0.696,-0.363,1009.18,0
2.736,4.858,0.249,1.389,1031.89,0
20.302,12.045,8.191,-1.606,988.91,1
26.728,19.114,10.8,1.23,1004.06,1
21.549,13.341,7.408,-2.198,981.86,1
31.268,18.072,13.959,0.842,1003.69,1
3.714,4.424,0.324,1.235,1014.82,0
29.082,17.461,12.933,2.176,996.28,1
0.475,4.605,0.168,0.526,1027.15,0
0.427,3.484,0.05,-0.573,1033.07,0
4.667,4.7,0.541,0.808,1025.31,0
1.935,5.433,0.151,-0.446,1025.33,0
7.464,6.147,1.047,0.762,1013.72,0
2.033,5.119,0.309,1.075,1013.66,0
12.058,13.835,3.026,-0.412,975.84,1
24.526,16.75,11.06,-1.461,999.01,1
13.134,11.789,3.235,-0.855,993.95,1
11.438,11.566,3.204,1.213,999.46,1
0.784,3.896,0.057,0.761,1021.1,0
9.445,6.514,1.222,0.671,1011.62,0
18.394,13.891,5.887,1.082,999.39,1
6.496,5.615,0.773,0.614,1021.9,0
18.718,14.783,5.911,2.692,988.69,1
0.828,4.355,0.05,0.455,1019.01,0
4.245,6.224,0.828,1.057,1019.78,0
16.7,12.592,5.673,1.137,997.52,1
8.642,6.756,1.076,-1.868,1019.29,0
1.77,5.259,0.158,0.39,1023.88,0
27.544,16.105,11.288,1.089,998.35,1
16.629,12.533,5.646,-0.79,994.78,1
29.281,19.266,12.985,1.231,984.82,1
2.919,5.249,0.333,0.999,1013.57,0
9.116,10.847,1.781,1.695,991.67,1
17.607,12.284,5.861,0.43,985.27,1
21.097,12.893,7.592,-0.146,990.71,1
6.87,5.511,0.752,0.422,1019.97,0
3.146,5.399,0.352,0.774,1022.56,0
16.493,11.117,4.866,0.905,975.92,1
30.661,17.569,15.0,1.828,979.96,1
24.508,15.087,9.294,-0.857,992.45,1
5.562,6.26,0.571,-0.091,1025.98,0
2.652,5.394,0.427,1.294,1018.53,0
10.0,6.334,1.599,1.137,1020.47,0
8.439,7.231,1.087,1.207,1011.95,0
22.084,16.094,7.767,-0.633,975.67,1
1.112,5.123,0.141,-0.686,1021.57,0
15.799,11.229,6.114,-1.182,995.1,1
0.948,4.201,0.825,0.278,1017.72,0
2.815,4.688,0.584,1.469,1016.53,0
22.767,14.972,9.195,0.929,989.43,1
2.463,5.823,1.111,-1.159,1017.15,0
2.432,3.395,0.385,0.658,1019.66,0
19.39,11.214,7.823,0.062,1000.44,1
3.544,4.841,0.298,-1.219,1019.66,0
14.909,12.193,4.323,-0.192,1001.49,1
3.537,4.102,0.439,-0.573,1016.69,0
20.965,15.284,7.549,-1.178,1004.04,1
15.704,14.066,4.434,1.828,993.18,1
21.58,16.442,8.097,2.926,982.03,1
6.839,7.001,1.104,0.895,1023.02,0
33.584,19.76,15.0,2.472,990.89,1
18.287,14.36,7.551,-0.473,974.81,1
4.175,4.381,0.508,-0.247,1024.0,0
0.787,3.792,0.286,-2.508,1022.97,0
6.162,7.874,1.31,2.374,1019.23,0
33.662,18.71,15.0,0.268,977.27,1
1.768,4.88,0.173,0.77,1021.53,0
3.163,6.645,0.692,0.345,1011.86,0
22.964,15.573,8.571,1.353,1002.26,1
20.689,15.543,7.107,2.305,985.61,1
30.442,17.376,13.357,0.518,1002.26,1
2.181,5.334,0.227,-0.085,1017.44,0
19.94,13.915,6.556,1.945,1000.73,1
0.969,6.303,0.48,0.683,1024.56,0
2.551,4.044,0.461,1.629,1018.49,0
25.36,16.792,9.783,-0.619,1003.52,1
1.196,6.433,0.111,0.305,1017.41,0
5.989,6.483,1.528,0.461,1015.91,0
28.728,15.073,12.718,1.04,991.45,1
5.38,6.488,0.731,0.069,1020.26,0
22.472,15.589,8.112,1.466,968.87,1
31.528,18.115,14.985,-2.537,996.24,0
3.353,5.76,0.727,-0.184,1017.52,0
20.436,15.333,6.91,-1.338,993.22,1
35.0,19.494,15.0,1.615,977.5,1
17.091,11.358,5.044,1.455,1002.44,1
23.769,15.2,9.269,2.031,976.28,1
4.986,3.723,0.795,0.727,1015.59,0
10.0,7.206,1.3,1.212,1020.57,0
1.23,4.63,0.24,0.281,1019.9,0
1.645,4.023,0.12,-0.489,1027.94,0
0.341,6.307,0.397,0.17,1025.19,0
23.261,13.775,8.898,1.628,970.94,1
18.1,12.793,5.534,-2.312,1001.39,1
18.566,13.12,5.847,-1.104,990.02,1
15.784,13.309,4.877,-1.684,989.57,1
12.188,12.787,3.139,0.307,985.52,1
20.758,15.238,8.059,0.246,980.33,1
15.196,13.708,4.488,-1.052,991.83,1
3.029,5.686,0.543,-0.467,1021.37,0
12.338,11.579,3.104,-0.053,991.29,1
1.87,5.495,0.374,0.799,1015.98,0
26.531,17.751,10.604,1.776,988.4,1
34.736,20.32,15.0,0.913,982.79,1
3.354,4.825,0.279,0.38,1023.6,0
18.378,12.804,5.972,-1.232,996.06,1
25.428,16.45,9.964,-0.814,982.27,1
2.888,7.132,0.436,0.955,1020.41,0
19.963,13.04,6.562,0.688,981.67,1
3.619,7.03,0.336,-0.041,1014.43,0
21.038,15.871,7.99,0.732,980.37,1
1.997,3.191,0.163,-0.345,1029.28,0
4.098,6.07,0.366,-0.114,1025.88,0
0.788,4.968,0.05,-1.148,1023.06,0
25.147,15.927,9.633,1.524,997.42,1
2.277,4.319,0.413,-0.045,1014.75,0
7.077,5.733,1.137,0.245,1019.17,0
23.775,14.64,9.553,0.25,1002.45,1
2.618,6.54,1.061,-0.027,1024.57,0
4.255,5.386,0.491,0.92,1025.7,1
18.564,13.819,6.431,1.95,979.71,1
4.456,4.005,0.528,-0.36,1020.81,0
2.208,5.145,0.299,0.447,1006.1,0
24.404,16.911,10.245,-1.559,985.31,1
5.043,4.941,0.494,-0.517,1017.08,0
18.011,13.995,5.674,2.592,995.16,1
31.99,15.92,15.0,-2.482,985.2,1
32.63,18.717,15.0,0.517,993.06,1
21.783,13.621,7.818,-1.137,978.81,1
0.302,4.874,0.096,0.993,1019.58,1
23.243,14.797,8.578,0.47,976.46,1
23.989,15.066,10.166,1.038,991.45,1
3.346,5.117,0.272,-0.052,1017.79,0
24.398,13.9,9.279,1.753,981.46,1
9.883,7.542,1.248,-0.19,1008.37,0
3.776,5.951,0.402,0.612,1012.04,0
8.206,7.205,1.427,-1.187,1010.98,0
9.428,7.759,1.425,-0.718,1022.25,0
6.037,6.082,0.934,0.001,1015.13,0
1.524,6.637,0.372,0.779,1020.47,0
28.251,15.802,12.542,-1.168,995.57,1
3.216,6.577,0.412,0.511,1021.01,0
18.01,15.387,5.491,-1.895,978.32,1
17.633,12.952,6.457,2.17,998.19,1
35.0,18.177,15.0,0.909,996.85,1
1.048,3.876,0.071,-0.305,1017.53,0
26.144,15.337,10.802,1.281,977.81,1
18.442,13.605,6.042,1.587,988.46,1
3.842,3.891,0.503,1.068,1020.07,0
2.703,5.004,0.328,0.804,1027.75,0
35.0,15.874,15.0,-0.246,985.48,1
0.779,5.372,0.05,0.58,1023.43,0
20.766,14.527,7.169,-1.052,983.82,1
27.139,16.516,11.167,0.79,987.89,0
5.995,5.59,1.169,1.845,1023.37,0
3.661,5.367,0.95,0.9,1019.59,0
24.276,15.823,9.617,1.247,987.62,1
7.015,7.664,0.794,1.454,1013.08,0
15.137,12.823,4.175,-1.612,1000.52,1
9.253,7.995,1.415,0.803,1016.03,0
12.921,10.453,3.119,0.401,995.14,1
1.917,4.017,0.198,0.125,1017.08,0
2.039,4.293,0.177,1.524,1009.44,0
16.692,10.237,6.493,-0.784,1006.18,1
8.116,6.047,1.218,-2.257,1023.32,0
2.523,5.035,0.313,1.413,1014.63,0
0.635,5.336,0.623,-0.847,1018.9,0
16.822,12.812,5.694,2.202,986.67,1
8.27,6.863,1.257,0.888,1011.71,0
0.838,5.344,0.892,0.5,1016.38,0
2.665,4.594,0.418,0.282,1015.47,0
5.28,4.476,0.751,0.577,1020.28,0
24.389,15.379,9.575,-1.59,992.2,1
7.862,6.246,0.931,-0.642,1018.68,0
3.449,5.59,0.456,-0.734,1010.47,0
1.68,4.927,0.114,-0.896,1013.82,0
21.742,15.39,8.529,1.301,1001.92,1
2.113,5.904,0.186,2.107,1023.07,0
1.352,4.9,0.091,0.434,1009.2,0
6.13,5.119,0.834,0.1,1015.01,0
1.718,4.822,0.142,0.206,1013.42,0
3.581,4.207,0.404,0.914,1015.57,0
3.639,6.599,0.624,1.741,1020.2,0
22.502,16.578,8.083,2.836,984.92,1
8.961,7.127,1.093,-0.039,1017.78,0
19.366,13.545,6.44,-0.277,1000.68,1
5.133,6.122,0.506,-0.805,1023.51,0
19.521,15.687,7.434,-0.149,989.14,1
1.533,4.677,0.159,0.479,1022.14,0
17.621,14.907,5.485,-0.433,995.25,1
21.586,12.747,7.433,-2.246,982.58,1
1.085,4.875,0.451,1.284,1018.48,0
19.182,13.276,6.144,-2.419,1000.54,1
1.584,5.221,0.154,0.553,1032.73,0
3.635,6.272,0.429,-0.629,1025.7,0
4.935,5.166,0.541,0.713,1011.67,0
22.541,14.451,8.777,1.298,991.39,1
34.486,15.679,15.0,-1.744,994.25,1
18.055,13.311,5.526,1.412,993.19,1
1.855,5.532,0.222,-0.803,1021.0,0
29.401,17.414,12.881,0.987,988.44,1
27.669,15.038,11.731,-1.302,986.64,1
31.327,17.787,14.968,-1.033,972.12,1
16.035,12.999,4.528,1.654,989.19,1
24.219,16.454,9.168,1.217,992.09,1
20.397,14.152,6.824,2.766,990.7,1
30.887,19.05,13.712,1.958,1000.92,1
4.733,5.0,0.561,0.415,1013.47,0
5.313,4.887,0.676,0.072,1009.26,0
25.347,18.298,9.744,2.667,982.28,1
2.114,5.874,0.257,-0.562,1013.8,0
2.988,5.654,0.24,1.886,1010.17,0
5.335,4.978,0.713,1.39,1009.47,0
5.001,6.121,0.606,1.074,1018.65,0
14.086,12.114,3.626,-0.376,992.54,1
0.376,3.075,0.487,0.312,1011.34,0
29.051,17.203,12.432,-2.049,985.98,1
30.985,16.939,14.017,-1.036,976.92,1
1.487,3.783,0.443,0.313,1023.98,0
3.059,6.83,0.737,0.931,1013.35,0
4.256,5.004,0.42,-0.155,1024.22,0
1.699,4.718,0.384,0.697,1009.91,0
32.264,17.949,15.0,-1.2,996.24,1
18.648,12.586,6.039,1.844,982.9,1
16.869,11.729,5.344,-1.008,1004.25,1
4.142,5.041,0.501,-1.08,1004.23,0
5.783,5.626,0.784,-0.962,1010.08,0
4.36,5.582,0.505,0.471,1018.1,0
0.247,4.941,0.228,1.694,1016.24,0
6.454,6.269,0.822,-0.225,1023.27,0
21.486,12.871,7.683,-1.43,1002.26,1
3.464,4.982,0.512,1.21,1008.18,0
3.066,5.586,0.309,1.373,1013.43,0
33.04,17.401,15.0,1.785,982.02,1
5.753,5.851,0.746,0.489,1010.95,0
3.61,5.069,0.355,0.368,1015.19,0
18.215,13.071,5.607,2.588,983.97,1
1.23,4.913,0.183,1.82,1015.18,0
1.933,4.341,0.335,0.501,1018.85,0
8.399,5.669,1.19,1.547,1007.22,0
0.818,5.009,0.191,2.443,1017.9,0
15.752,14.901,5.692,1.326,1000.19,1
33.161,17.761,15.0,1.625,992.46,1
28.728,16.068,12.094,1.696,977.25,1
31.367,15.782,14.316,-0.426,984.84,1
34.357,18.095,15.0,-1.736,974.21,1
1.617,4.887,0.734,0.879,1023.95,0
4.161,5.654,0.501,0.223,1021.97,0
28.806,18.18,12.124,0.947,977.4,1
20.395,13.377,6.842,-1.552,998.69,1
5.985,7.459,1.213,2.085,1006.52,0
2.123,6.18,0.382,1.189,1023.78,0
10.0,6.885,1.584,-0.228,1012.85,0
12.818,11.958,3.23,2.753,990.14,1
5.325,5.168,0.602,1.022,1019.6,0
21.46,12.701,8.372,-1.213,993.68,1
27.836,18.106,12.235,-0.706,989.86,1
16.343,11.272,6.639,-1.7,979.56,1
34.125,18.071,15.0,-0.933,995.52,1
9.561,7.389,1.215,0.648,1002.04,0
13.392,11.521,3.312,-0.974,991.51,1
1.049,4.423,0.439,0.605,1018.7,0
22.412,17.201,8.164,-0.769,992.35,1
3.109,6.032,0.263,-1.378,1023.63,0
2.062,5.409,0.751,1.386,1012.68,0
3.498,6.727,0.379,1.757,1012.97,0
5.01,5.353,0.928,1.066,1012.45,0
0.714,5.395,0.584,0.107,1020.24,0
35.0,18.159,15.0,1.902,999.52,1
16.907,12.581,5.256,-2.012,992.95,1
18.398,12.615,5.92,-1.934,1006.1,1
0.445,6.136,0.324,-1.553,1012.4,0
17.109,11.983,5.437,-1.832,982.78,1
7.363,8.072,1.064,-0.005,1018.44,0
8.119,6.841,1.029,-0.912,1018.91,0
3.017,6.526,0.267,0.368,1016.77,0
22.302,13.585,8.242,1.687,986.09,1
3.374,4.542,0.294,0.242,1015.84,0
4.062,4.254,0.544,1.22,1026.87,0
3.731,3.817,0.398,0.981,1026.8,0
18.025,13.399,5.886,-1.107,997.75,1
25.425,15.617,10.221,0.822,983.22,1
35.0,19.079,15.0,0.35,977.55,1
17.462,14.107,6.268,-1.492,978.03,1
35.0,20.47,15.0,1.38,992.89,1
17.63,13.372,5.38,0.268,991.83,1
10.0,7.571,1.294,0.183,1022.12,0
17.153,12.921,5.393,-1.82,990.11,1
30.326,18.71,13.365,2.149,980.38,1
4.274,5.332,0.548,1.664,1024.2,0
1.66,5.091,0.219,-0.054,1029.32,0
21.309,15.334,7.39,-1.14,975.23,1
2.934,4.641,0.445,0.6,1017.09,0
6.65,6.116,0.742,-0.344,1013.1,0
18.842,14.298,6.081,1.604,1004.35,1
17.547,14.238,5.719,1.226,995.35,1
33.537,17.898,15.0,1.515,989.44,1
1.622,5.524,0.359,0.513,1010.83,0
5.668,5.12,0.591,0.767,1020.02,1
5.996,5.662,0.772,0.522,1013.33,0
1.401,3.92,0.113,0.429,1017.31,0
5.288,5.879,0.747,-0.562,1006.74,0
20.16,14.841,6.777,-0.741,1002.38,1
26.151,16.735,10.338,-1.914,989.21,1
0.641,4.486,1.028,-0.711,1019.39,0
1.939,5.147,0.913,0.268,1011.88,0
17.221,12.711,6.68,-1.311,995.73,1
25.567,18.113,10.709,-2.674,1011.89,1
31.974,16.441,14.478,2.177,973.12,1
27.767,14.293,11.982,2.886,1003.61,1
1.401,3.746,0.295,-0.165,1028.2,0
5.657,5.836,0.697,0.098,1007.72,0
8.145,6.467,1.308,0.889,1012.55,0
25.666,16.131,10.097,2.314,993.65,1
17.758,13.119,5.477,-0.296,995.63,1
20.922,14.544,7.089,-2.063,985.86,1
20.331,14.24,6.721,-1.32,986.26,1
2.622,5.232,0.489,0.743,1011.31,0
6.894,7.023,0.904,0.669,1008.11,0
35.0,18.329,15.0,1.074,981.55,1
1.777,5.814,0.308,-0.271,1019.96,0
4.444,4.451,0.448,0.68,1014.09,0
3.805,5.242,0.338,-0.103,1011.76,0
5.681,5.161,0.618,0.087,1012.17,0
15.891,12.555,4.469,-0.534,1002.72,1
22.797,14.936,8.737,0.458,994.95,1
15.224,11.122,4.947,-2.229,988.59,1
9.064,6.122,1.123,1.267,1009.82,0
17.809,12.757,6.214,-0.962,991.15,1
20.73,12.289,7.028,1.314,990.18,0
20.29,13.017,6.823,-1.544,991.47,1
15.267,14.688,4.19,0.629,991.58,1
6.166,4.194,1.064,-1.158,1019.94,0
7.114,5.542,0.851,0.354,1008.89,0
21.876,13.564,7.726,-1.949,982.31,1
2.253,5.368,0.171,0.83,1018.29,0
29.414,15.521,12.585,1.668,989.56,1
3.311,4.691,0.919,-1.305,1015.92,0
10.0,5.752,1.284,1.707,1010.43,0
20.426,13.902,6.817,-1.279,995.42,1
5.148,5.219,1.551,-1.691,1009.87,0
2.461,5.089,0.251,2.298,1020.62,0
3.211,5.561,0.262,0.081,1024.01,0
12.014,12.718,3.713,-1.764,989.51,1
22.619,15.165,8.344,0.364,992.78,1
1.167,5.729,0.082,0.127,1016.44,0
26.582,15.016,10.944,-1.375,982.99,1
1.492,4.452,0.155,0.58,1018.21,0
3.404,4.507,0.541,0.818,1019.08,0
2.9,6.577,0.328,0.565,1024.83,0
16.853,12.003,5.375,-1.332,992.79,1
10.0,7.246,1.276,0.97,1016.93,0
32.826,17.009,15.0,1.094,1000.28,1
1.889,4.498,0.165,0.325,1031.17,0
1.327,4.156,0.3,-0.409,1018.4,0
24.46,15.574,9.189,1.212,991.18,1
16.697,13.378,4.858,0.505,984.44,1
3.995,5.653,0.504,-0.08,1014.2,0
5.037,5.203,0.62,0.714,1018.88,0
3.469,5.117,0.527,1.441,1019.47,0
21.369,15.909,7.498,-0.532,999.39,1
26.17,15.815,10.549,-0.994,988.24,1
10.0,7.726,1.449,-0.35,1009.07,0
12.091,10.053,5.431,2.131,989.37,1
20.868,14.766,7.503,1.726,996.42,1
16.908,13.535,5.534,-1.539,992.61,1
2.852,4.618,0.586,-1.24,1021.35,0
23.133,15.848,9.005,1.028,1004.24,1
2.176,3.772,0.307,-0.063,1008.18,0
10.0,6.905,1.265,-0.291,1028.32,0
3.229,4.647,0.485,-0.221,1010.36,0
23.497,14.555,8.755,1.215,991.83,1
22.516,11.494,8.152,-0.022,989.47,1
2.673,6.541,0.426,0.739,1020.11,0
1.64,2.517,0.607,-0.329,1017.23,0
1.043,5.692,0.377,-0.289,1020.15,0
2.116,4.986,0.35,-0.811,1009.0,0
0.814,3.936,0.05,0.316,1022.2,0
1.12,4.517,0.214,-0.0,1030.34,0
19.243,12.369,6.168,1.506,995.37,1
17.519,12.804,5.53,-1.349,990.72,1
3.273,4.183,0.289,1.253,1024.98,0
10.0,7.299,1.505,0.728,1012.52,0
28.797,16.967,12.151,-2.648,986.54,1
15.812,12.428,4.624,0.789,991.0,1
3.394,5.268,0.421,-0.925,1013.46,0
5.579,6.403,0.638,-0.285,1020.29,0
23.987,16.059,9.664,2.91,990.23,1
2.728,5.781,0.556,0.745,1016.34,0
16.586,13.028,5.002,-1.452,982.29,1
22.918,13.557,8.738,-0.081,993.64,1
1.652,4.925,0.485,-0.233,1020.35,0
30.111,17.533,13.457,1.288,989.53,1
28.997,17.275,12.662,-0.255,992.01,1
7.481,6.769,1.017,1.064,1016.82,0
3.713,5.414,0.419,-0.945,1012.61,0
23.964,15.56,9.324,-1.666,983.64,1
26.384,14.9,10.539,1.087,990.66,1
20.535,14.712,7.338,-1.072,1003.44,1
21.633,13.937,7.491,-1.446,993.56,1
32.209,16.981,14.687,-1.469,1001.62,1
1.757,5.206,0.261,-0.679,1019.3,0
1.513,4.637,0.109,0.222,1027.03,1
35.0,18.708,15.0,2.347,974.27,1
22.462,17.147,8.295,3.052,986.39,1
29.563,18.271,12.796,-2.012,986.43,0
13.767,13.161,3.63,2.241,1006.7,1
21.812,15.63,9.276,1.124,980.57,1
29.955,15.038,13.331,-2.019,987.84,1
4.009,4.616,0.479,1.234,1016.63,0
35.0,19.378,15.0,1.562,991.11,1
29.501,15.974,12.696,-1.08,991.39,1
19.1,11.303,7.547,-0.12,995.19,1
5.991,5.807,0.767,1.022,1031.76,0
2.498,4.607,0.326,0.86,1018.4,0
1.523,5.677,0.219,1.715,1023.21,0
29.357,18.101,12.827,0.989,987.53,1
34.171,20.88,15.0,0.669,988.08,1
5.549,5.732,0.645,-0.451,1018.41,0
12.913,11.246,3.269,-1.613,995.73,1
17.132,15.918,5.154,1.267,999.99,1
19.414,13.243,6.311,1.222,991.08,1
3.666,6.596,0.383,0.402,1018.3,0
35.0,18.218,15.0,1.182,974.4,1
4.047,4.513,0.459,0.101,1022.59,0
14.351,12.326,3.972,-2.311,988.22,1
28.676,16.871,12.571,-2.248,984.59,1
23.792,14.47,8.972,-0.635,992.34,0
22.807,15.118,8.165,0.589,981.9,1
8.669,6.658,1.332,1.067,1018.86,0
21.718,14.207,8.384,2.176,1003.19,1
2.752,5.776,0.237,-0.306,1025.92,0
2.628,5.944,0.378,-0.831,1021.58,0
3.284,6.521,0.304,0.592,1007.62,0
20.253,14.016,7.892,1.585,998.04,1
1.742,7.454,0.129,0.58,1018.53,0
12.584,10.809,3.308,1.685,991.73,1
6.787,6.737,0.887,1.341,1018.05,0
4.516,4.433,0.515,2.598,1018.03,0
4.655,6.629,1.056,-0.72,1016.48,0
20.452,12.997,7.024,0.464,983.56,1
1.863,4.479,0.175,0.786,1023.42,0
4.168,5.63,0.726,1.145,1014.54,0
13.563,13.863,3.452,-0.598,997.36,1
0.93,3.619,0.105,0.432,1010.41,0
22.604,13.953,8.242,0.59,1009.83,1
3.658,5.628,0.319,0.07,1021.68,0
26.719,16.022,10.945,2.606,995.05,1
20.947,14.491,7.564,0.966,990.81,1
25.091,14.498,10.464,1.812,993.39,1
1.278,4.26,0.193,1.781,1013.22,0
3.167,5.899,0.398,-0.054,1016.5,0
20.991,11.875,7.656,-1.141,993.08,1
0.59,6.343,0.325,-0.547,1020.86,0
1.858,5.558,0.149,0.937,1015.47,0
21.726,14.427,8.391,2.394,975.47,0
19.958,12.74,7.684,-0.768,993.65,1
23.049,15.945,8.384,-1.255,996.14,1
35.0,20.609,15.0,0.559,999.92,1
3.62,5.975,0.4,0.764,1014.16,0
20.52,14.812,7.197,-0.524,979.26,0
22.854,13.894,8.443,-1.016,979.2,1
3.575,3.134,0.348,-0.046,1024.12,0
25.653,15.47,10.248,1.476,985.7,1
1.361,4.096,0.626,0.576,1036.25,0
2.632,3.749,0.415,0.556,1027.0,0
4.088,5.524,0.572,1.42,1012.92,1
23.833,13.722,9.1,-1.31,997.81,1
2.933,6.095,0.545,0.21,1016.82,0
17.268,13.398,5.478,1.342,994.01,1
32.281,16.647,15.0,-0.875,994.92,1
3.688,5.483,0.434,1.256,1014.96,0
29.484,17.248,12.974,-1.411,987.41,1
5.022,5.156,0.526,-0.665,1013.83,0
4.49,6.401,0.552,0.375,1008.08,0
16.825,12.776,5.262,0.166,1000.91,1
16.458,11.651,5.071,2.209,992.5,1
2.097,5.194,0.305,0.594,1028.01,0
22.989,14.413,8.538,-1.762,993.27,1
2.049,3.881,0.33,-0.041,1013.74,0
2.498,5.675,0.519,2.112,1015.67,0
1.094,5.594,0.328,-0.038,1023.4,0
5.49,5.241,0.668,1.668,1019.0,0
5.731,6.303,0.89,0.679,1015.12,0
35.0,19.019,15.0,0.806,989.5,1
1.374,5.488,0.244,2.077,1017.38,0
0.42,4.074,0.268,0.593,1011.68,0
6.499,5.727,0.717,1.433,1015.42,0
12.537,12.439,4.127,-0.531,978.66,1
5.162,6.03,0.573,2.239,1007.86,0
18.845,13.304,5.975,-0.837,1002.23,1
16.003,12.351,4.903,-1.464,991.85,1
3.939,5.478,0.632,-0.763,1017.81,0
5.989,6.301,0.756,1.418,1019.45,0
26.892,14.512,10.861,1.615,983.38,1
2.714,5.586,0.468,-0.051,1014.06,0
23.761,15.6,9.939,1.314,991.04,1
19.929,15.76,7.01,0.81,992.63,1
1.989,4.922,0.144,1.214,1009.77,0
5.74,6.416,0.717,-0.545,1010.52,0
35.0,18.204,15.0,-3.198,987.28,1
17.888,13.488,5.489,2.766,986.3,1
0.644,4.702,0.117,-0.633,1020.02,0
15.04,12.228,4.321,-1.653,997.86,1
16.867,12.203,4.954,-2.051,967.46,1
15.416,12.341,4.24,-0.168,989.41,1
2.582,4.431,0.423,0.059,1017.88,0
17.335,12.511,5.608,-1.75,997.38,1
22.436,15.554,8.137,-2.722,1005.52,1
2.223,3.842,0.488,0.527,1014.4,1
23.024,12.724,8.676,-1.5,993.57,1
3.201,3.834,0.272,0.979,1012.77,0
28.444,13.698,12.589,-0.676,988.81,1
24.43,14.956,9.307,-0.161,994.74,1
2.918,6.059,0.489,-1.103,1017.95,0
3.336,6.29,0.295,0.612,1022.23,0
1.5,4.458,0.672,-0.03,1010.82,0
30.09,19.685,13.188,1.219,994.02,1
18.163,14.445,5.721,-1.053,991.15,1
21.625,15.075,7.899,1.827,998.44,1
6.194,6.223,0.916,0.478,1019.36,0
32.304,17.958,15.0,-1.962,1001.98,1
16.705,11.831,6.248,0.422,988.37,1
6.838,5.902,0.965,1.749,1017.72,0
21.217,15.025,7.415,1.08,983.84,1
26.353,19.015,10.924,2.31,995.53,1
7.201,6.634,0.994,-0.206,1009.42,0
17.439,13.605,5.672,1.694,1005.2,1
27.071,16.352,10.957,-1.769,998.59,1
0.438,4.974,0.085,0.573,1011.48,0
4.747,6.491,0.555,-1.349,1014.99,0
13.565,11.332,3.899,0.548,1004.59,1
21.191,14.57,7.508,-1.04,999.46,1
33.166,16.783,15.0,-2.297,994.48,1
1.573,4.714,0.147,0.135,1018.41,0
33.846,18.416,15.0,1.431,988.47,1
16.714,13.45,5.007,2.003,987.53,1
2.182,4.718,0.224,0.28,1019.6,0
6.242,5.835,1.146,0.112,1012.52,0
3.195,5.024,0.629,0.774,1011.49,0
2.861,4.972,0.626,1.493,1022.65,0
15.76,9.869,4.828,-0.926,1005.94,1
3.182,3.689,0.365,-1.237,1021.92,0
1.97,5.158,0.542,0.003,1029.42,0
2.544,4.405,0.253,1.01,1010.58,0
14.315,11.768,3.825,-1.136,989.79,1
2.432,3.276,0.211,0.308,1018.57,0
7.966,6.202,0.914,0.324,1017.49,0
22.881,15.519,9.274,-0.192,1001.33,1
1.974,5.743,0.326,1.414,1023.89,0
10.0,7.228,1.444,1.909,1022.78,0
20.266,15.112,6.779,-1.183,1002.77,1
21.06,14.745,7.156,-0.238,1006.69,1
32.714,17.143,15.0,-1.947,995.98,1
20.361,12.054,6.993,1.159,998.62,1
2.092,5.474,0.17,-1.119,1022.92,0
18.461,12.865,5.693,1.519,993.04,1
12.879,9.092,3.216,-1.077,997.52,1
1.326,5.181,0.214,-0.916,1019.52,0
1.929,4.988,0.549,-0.431,1007.14,0
16.316,12.449,5.262,-0.586,1001.3,1
3.552,7.047,0.85,0.116,1013.2,0
16.051,13.142,4.575,1.686,1007.55,1
3.154,5.113,0.497,0.736,1027.93,0
2.99,4.406,0.695,-0.715,1015.82,0
23.209,15.968,8.75,1.72,985.09,1
3.294,5.854,0.482,1.23,1029.33,0
1.264,4.238,0.11,1.832,1022.95,0
20.266,15.143,6.946,0.941,1000.08,1
8.699,6.189,1.076,-0.097,1015.27,0
23.396,15.449,8.98,0.776,996.74,1
3.004,5.123,0.398,-0.16,1012.77,0
3.175,5.675,0.326,1.339,1020.58,0
3.19,4.684,0.307,1.334,1023.35,0
15.793,14.808,4.86,0.501,989.16,1
5.974,5.97,0.615,0.292,1014.59,0
3.053,6.196,0.255,-0.256,1010.98,0
26.256,14.744,10.425,-1.319,1000.1,1
3.638,4.754,0.306,-0.101,1031.42,0
22.988,11.75,9.583,0.907,986.95,1
3.066,4.968,0.444,1.711,1012.67,0
34.766,19.677,15.0,0.257,994.46,1
35.0,18.17,15.0,0.769,987.97,1
1.355,5.233,0.404,1.177,1016.35,0
26.885,14.918,10.8,1.944,999.12,1
19.848,14.835,6.708,2.309,985.59,1
23.24,14.012,8.497,-2.226,990.32,1
20.273,12.554,6.998,0.611,990.25,1
25.59,17.88,9.91,0.325,973.83,1
9.07,7.623,1.223,-0.145,1012.59,0
13.335,11.874,3.321,1.733,997.51,1
35.0,19.922,15.0,-2.621,981.87,1
3.767,7.295,0.479,-0.103,1012.84,0
29.439,14.609,13.038,0.606,985.38,1
0.543,4.397,0.175,1.617,1025.88,0
27.518,17.419,11.762,2.822,982.38,1
1.107,3.745,0.116,1.133,1014.59,0
3.312,7.078,0.346,0.202,1010.04,0
1.973,4.276,0.133,-1.383,1024.38,0
2.66,6.326,0.263,2.766,1016.87,0
17.91,13.854,5.569,-0.327,996.67,1
4.675,5.364,0.689,-0.457,1026.57,0
3.835,5.274,0.347,0.811,1008.08,0
2.116,5.579,0.144,2.059,1018.27,0
3.727,6.343,0.57,-0.405,1019.1,0
1.449,5.427,0.561,0.84,1012.59,0
22.603,13.957,8.559,1.835,999.39,1
5.795,6.426,0.588,0.019,1011.18,0
1.959,5.317,0.352,-0.896,1029.27,0
4.236,5.726,1.171,1.366,1009.13,0
13.439,10.615,3.361,1.61,999.14,1
10.0,6.851,1.436,1.108,1011.16,0
11.018,9.917,3.233,-1.298,992.62,1
11.715,11.155,3.673,-0.68,994.35,1
26.435,13.153,11.25,-1.362,992.76,1
17.414,13.343,5.366,-1.462,993.45,1
24.134,14.847,9.269,-0.614,987.57,1
22.34,14.121,9.241,0.782,999.16,1
3.804,5.776,0.327,-0.262,1014.98,0
25.966,14.711,11.106,-2.299,987.45,1
19.728,13.389,6.422,1.415,989.79,1
20.055,13.736,7.032,-0.877,991.19,1
29.612,14.411,13.504,2.758,985.06,1
3.59,5.834,0.584,0.811,1028.63,0
34.527,17.073,15.0,0.539,979.18,1
11.266,12.374,2.623,-2.299,1008.66,1
26.687,16.363,10.927,1.201,984.26,0
14.758,12.804,4.269,-1.389,983.35,1
33.484,16.73,15.0,2.737,976.52,1
26.027,16.096,10.269,-0.545,991.12,1
26.121,15.882,10.318,1.634,982.68,1
20.49,15.767,7.14,2.153,999.48,1
26.139,16.052,10.566,-0.987,977.79,1
1.433,6.45,0.16,1.55,1019.35,0
2.127,4.329,0.437,0.119,1015.7,0
16.143,12.339,4.6,-1.693,992.37,1
23.344,14.215,8.681,-0.243,991.87,1
24.871,13.229,10.936,-1.064,1004.0,1
3.32,4.834,0.323,1.32,1012.47,0
0.273,6.044,0.526,0.155,1017.82,0
29.49,17.377,12.736,1.857,996.4,1
20.14,17.588,7.581,2.923,975.39,1
13.221,11.999,3.414,-0.133,999.88,1
2.821,5.511,0.24,-0.109,1020.35,1
20.565,13.604,7.768,-0.546,1003.62,1
1.792,7.001,0.165,0.502,1027.0,0
24.301,13.073,9.88,0.84,987.59,1
20.461,13.377,7.611,1.539,986.04,1
27.456,17.58,11.313,2.291,989.89,1
35.0,18.665,15.0,1.737,981.2,1
1.819,5.721,0.398,0.351,1019.3,0
26.447,18.448,11.118,1.31,977.98,1
4.841,6.47,0.477,-0.756,1019.32,0
4.91,6.22,0.537,1.402,1014.51,0
5.149,4.999,0.982,0.411,1015.42,0
13.984,11.957,4.237,2.275,989.27,1
4.377,4.703,0.607,1.874,1014.46,0
3.371,4.609,0.475,-1.615,1020.83,0
11.576,12.603,3.271,-0.793,1015.0,1
2.64,4.985,0.294,1.074,1020.34,0
20.906,13.152,7.627,1.602,993.85,1
2.975,5.864,0.319,0.016,1011.0,0
4.323,5.894,0.619,-0.043,1007.02,0
2.391,4.98,0.637,-0.353,1016.85,0
22.249,14.066,7.943,0.89,997.26,0
2.532,4.298,0.238,-0.693,1015.47,0
25.952,13.911,10.221,1.296,988.98,1
10.0,7.348,1.283,0.027,1006.42,0
3.827,4.416,0.925,-1.774,1011.74,0
32.478,15.864,14.967,-0.158,986.37,1
5.867,7.899,0.76,-0.219,1018.73,1
2.669,6.048,0.359,-0.145,1023.48,0
35.0,18.357,15.0,1.53,980.76,1
4.162,5.619,0.607,-0.77,1022.58,0
2.377,5.867,0.301,-0.09,1019.72,0
35.0,19.282,15.0,0.838,989.78,1
2.037,5.911,0.238,2.106,1016.81,0
9.323,6.932,1.294,1.584,1020.43,0
5.29,5.205,0.538,0.574,1011.34,0
13.668,11.127,4.04,-0.667,999.84,1
26.106,17.215,10.861,1.649,992.69,0
35.0,17.78,15.0,0.371,998.31,1
19.123,13.265,6.652,-1.037,992.18,1
2.673,6.165,0.331,-0.233,1029.25,0
3.266,5.229,1.1,-1.087,1014.04,0
18.275,12.801,5.708,-0.085,985.12,0
3.39,6.039,0.332,0.88,1026.49,0
34.376,20.341,15.0,1.614,997.82,1
29.777,17.627,13.243,2.351,990.92,1
5.416,6.452,0.729,-0.651,1018.71,0
2.014,5.657,0.257,1.201,1015.8,0
3.877,6.09,0.512,-1.358,1023.35,0
23.04,15.932,10.088,1.048,983.02,1
3.422,5.68,0.476,-0.05,1024.74,0
5.855,6.89,0.761,1.216,1009.08,0
15.405,12.909,4.489,1.405,988.24,1
1.994,4.531,0.222,-0.49,1023.67,0
23.705,16.342,9.762,-0.154,991.89,1
8.566,7.884,1.091,-1.263,1015.78,0
16.285,12.303,4.657,0.495,996.39,1
3.116,6.062,0.313,1.559,1022.89,0
1.424,4.609,0.097,-0.509,1019.61,0
19.33,15.212,6.753,-1.63,999.5,1
18.667,12.655,6.326,-1.642,1007.21,1
8.247,5.711,1.008,-0.514,1020.44,0
35.0,18.962,15.0,0.725,999.22,1
4.94,6.313,0.718,1.453,1026.1,0
23.24,13.737,8.639,2.376,983.08,1
32.258,19.738,15.0,-1.3,990.73,1
1.334,5.86,0.251,0.471,1024.78,0
6.693,6.583,0.74,0.687,1017.73,0
0.742,5.436,0.058,0.17,1020.6,1
6.628,5.094,0.958,0.279,1002.99,0
17.153,13.031,6.155,-0.118,987.35,1
3.036,4.866,0.265,0.431,1025.25,0
5.432,6.224,0.689,0.651,1023.77,0
1.529,4.675,0.191,-1.321,1030.11,0
10.0,7.383,1.48,0.653,1020.55,0
25.105,14.646,9.684,-1.32,985.66,1
16.851,13.625,5.181,1.453,988.39,1
19.41,14.902,6.339,-1.33,984.11,1
8.435,5.537,1.121,0.491,1006.25,0
9.213,6.686,1.23,-0.941,1018.45,0
3.721,6.769,1.209,-0.381,1016.06,0
4.545,5.137,0.439,1.876,1009.91,0
10.0,6.173,1.266,0.284,1016.74,0
3.26,4.789,0.398,1.968,1021.12,0
17.554,12.405,5.819,-1.6,997.87,1
3.201,5.519,0.311,-0.183,1023.38,0
6.068,6.753,0.953,0.674,1020.09,0
1.401,3.912,0.146,1.05,1019.55,0
4.793,5.841,0.45,1.04,1019.88,0
31.328,15.142,13.984,0.472,984.25,1
20.07,13.6,6.555,-1.181,978.08,1
35.0,18.013,15.0,-1.488,979.35,1
29.294,17.468,13.348,1.31,1002.06,1
25.798,15.864,10.322,-0.889,982.11,1
31.877,17.118,15.0,0.227,982.06,1
31.416,20.205,14.093,1.495,983.31,0
24.865,14.632,10.393,1.106,977.15,1
1.727,4.932,0.271,-0.798,1018.82,0
0.988,4.397,0.169,-0.786,1020.91,0
24.793,16.472,9.464,-1.822,992.94,1
23.908,14.706,10.43,0.146,993.1,1
3.946,6.194,0.846,-0.121,1025.68,0
20.32,17.286,6.995,0.951,991.17,1
9.702,6.693,1.239,1.588,1014.13,0
9.991,6.884,1.299,0.726,1005.9,0
22.699,15.197,9.612,-1.679,1000.49,1
20.051,13.977,7.076,0.19,999.07,1
2.321,4.939,0.235,0.127,1014.11,0
1.356,4.892,0.082,0.742,1016.65,0
25.425,14.531,10.248,-1.509,991.96,1
2.092,5.436,0.587,0.92,1023.07,0
29.545,19.214,13.13,-0.999,986.35,1
26.214,16.833,10.448,0.904,1001.58,1
3.984,6.303,0.494,0.819,1021.71,0
1.394,4.94,0.092,0.415,1017.96,0
10.0,6.235,1.28,-0.572,1020.18,0
2.753,5.151,0.424,-0.17,1010.3,0
4.393,5.832,0.856,-0.373,1018.05,0
3.827,3.273,0.395,-0.377,1027.15,0
14.577,12.714,3.941,2.237,994.61,1
29.198,18.131,13.401,1.532,986.08,1
3.771,5.17,0.461,-0.347,1019.15,0
2.696,4.368,0.232,-1.32,1015.48,0
1.726,3.924,0.109,-0.057,1020.6,0
20.917,15.327,7.693,-1.854,986.37,1
10.0,6.149,1.357,-1.158,1018.42,0
3.558,5.483,0.306,0.379,1004.47,0
0.494,5.294,0.312,-0.984,1013.06,0
0.866,4.036,0.219,-0.064,1022.41,0
8.406,6.962,1.537,0.631,1013.36,0
22.162,13.451,7.982,-0.202,1007.72,1
4.906,6.061,0.554,-0.563,1020.64,0
1.07,3.655,0.238,0.021,1016.53,0
1.545,5.458,0.168,0.926,1012.33,0
3.417,5.299,0.399,-0.045,1019.25,0
19.775,12.01,6.878,-1.721,1001.65,1
18.3,11.214,5.916,1.015,972.18,1
1.712,5.938,0.109,0.37,1023.4,0
23.553,14.993,9.443,0.971,1004.07,1
21.563,14.497,7.587,-1.533,977.98,1
10.0,7.586,1.535,0.586,1020.99,0
0.832,3.748,0.05,-0.389,1014.4,1
1.813,6.242,0.307,1.02,1014.99,0
22.329,14.43,8.576,2.313,995.63,1
0.817,4.217,0.1,-0.762,1026.6,0
20.397,13.951,8.289,1.057,987.17,1
32.158,14.724,15.0,2.985,986.14,1
20.624,13.366,7.45,-0.317,995.44,1
26.06,15.508,10.987,1.886,988.02,1
13.077,10.271,3.355,1.639,1001.67,1
1.319,3.573,0.195,-1.79,1025.25,0
11.767,11.427,2.648,-1.066,992.81,1
1.234,5.867,0.096,1.963,1025.38,0
20.809,13.759,7.522,-1.94,1000.11,1
23.12,12.047,8.38,-1.82,986.24,1
22.775,16.039,8.505,0.639,998.1,1
24.274,14.898,9.236,-0.608,1006.38,1
4.026,6.913,0.824,-0.032,1027.36,0
2.259,3.736,0.55,-1.414,1017.53,0
35.0,17.056,15.0,-1.015,986.29,1
33.723,18.075,15.0,-0.791,984.7,1
5.605,5.232,0.603,0.577,1017.63,0
2.87,6.099,0.609,-0.408,1029.91,0
1.001,4.726,0.131,-0.301,1006.9,0
27.412,15.273,11.349,0.865,986.43,1
12.768,11.058,3.071,0.552,985.61,1
31.426,18.797,14.546,0.032,992.14,1
1.055,3.842,0.122,-0.486,1021.96,0
16.471,11.722,5.075,-1.823,992.02,1
31.167,15.406,13.92,-0.799,996.98,1
2.607,4.244,0.221,1.485,1015.79,0
23.485,12.881,8.776,1.875,994.85,1
4.97,4.061,0.647,0.046,1020.52,0
13.179,10.519,5.101,-1.38,986.89,1
19.843,11.915,7.199,1.854,1004.07,1
15.551,12.209,5.098,-0.697,994.45,1
6.512,7.033,0.85,-1.328,1005.21,0
6.76,5.603,0.849,-0.537,999.98,0
31.052,15.406,14.344,-0.409,992.45,1
33.592,17.886,15.0,0.715,988.69,1
5.939,5.761,0.735,-0.409,1015.6,0
20.333,13.696,6.99,0.335,993.22,1
18.393,14.218,6.033,0.61,1004.12,1
32.386,17.103,15.0,1.116,996.13,1
1.446,5.334,0.11,0.897,1011.0,0
21.181,16.426,7.669,0.487,980.76,1
1.589,5.011,0.239,0.036,1018.46,0
27.055,17.461,11.085,2.955,987.37,1
35.0,16.537,15.0,1.332,989.85,1
24.287,14.938,9.952,-1.563,1002.46,1
0.2,4.44,0.05,1.241,1022.14,0
19.409,12.506,7.034,-2.199,986.62,1
1.465,4.285,0.164,1.006,1018.43,0
16.192,11.738,4.694,2.817,987.81,1
19.737,13.381,6.974,-0.999,1001.95,1
1.064,5.884,0.094,0.079,1022.11,0
1.799,6.32,0.165,2.148,1021.74,0
2.398,4.798,0.176,-0.699,1018.6,0
27.462,16.4,11.8,0.541,992.14,1
3.388,6.762,0.299,0.821,1012.79,0
3.085,5.699,0.248,0.624,1018.31,0
25.217,13.57,9.668,0.812,999.92,1
6.204,6.501,0.719,-1.097,1019.53,0
20.824,13.343,7.035,-0.815,994.4,1
5.406,5.579,0.71,-1.074,1014.39,0
3.348,5.46,0.429,-0.616,1018.92,0
1.981,5.7,0.675,0.005,1014.29,0
19.851,14.652,6.651,0.919,990.67,1
18.652,14.449,5.874,1.042,995.6,1
2.958,4.899,0.262,0.059,1022.82,0
4.765,5.101,0.731,1.485,1015.86,0
3.365,5.326,0.321,-0.592,1024.12,0
5.706,6.745,1.054,-1.214,1023.09,0
4.569,4.532,0.42,0.312,1019.03,0
1.057,3.915,0.292,-0.628,1024.63,0
5.025,7.152,0.604,-0.486,1025.26,0
21.196,14.808,7.879,0.187,987.64,1
0.778,4.775,0.57,0.745,1028.11,0
30.197,17.585,13.808,-0.39,999.39,1
4.09,6.664,0.373,-0.986,1013.58,0
3.01,5.691,0.54,2.361,1015.29,0
25.607,15.814,10.472,0.001,989.84,1
35.0,18.607,15.0,0.753,992.63,1
2.86,5.268,0.305,0.687,1020.46,0
33.549,15.892,15.0,-2.412,982.53,1
5.061,4.988,0.552,0.454,1007.56,0
6.131,7.108,0.697,0.65,1012.36,0
20.025,15.77,7.328,-0.466,993.88,1
16.672,11.592,6.148,1.991,998.25,1
26.852,15.351,12.297,1.78,983.75,1
14.799,12.737,4.393,1.294,993.21,1
18.089,13.22,5.625,2.136,1010.13,1
30.272,17.033,13.376,1.152,980.65,1
28.374,14.876,11.83,-1.415,985.34,1
16.984,10.358,4.948,1.441,993.96,1
1.045,5.023,0.633,0.517,1018.27,0
4.305,5.501,0.584,0.52,1024.11,0
5.969,5.607,0.62,-0.89,1014.73,0
24.117,15.087,9.002,-0.173,989.05,1
23.16,15.206,9.082,2.194,980.71,1
6.782,6.299,0.753,-1.296,1014.51,0
1.891,5.541,0.346,-0.701,1028.98,0
33.202,20.383,15.0,-1.555,992.42,1
35.0,19.99,15.0,-0.945,975.9,1
4.437,4.496,0.442,-0.55,1020.3,0
22.391,14.4,8.291,2.296,1014.27,1
35.0,20.881,15.0,2.151,984.39,1
3.417,5.853,0.382,-0.034,1009.32,0
6.225,5.597,0.83,0.219,1016.12,0
24.163,16.189,9.092,2.381,991.41,1
26.713,15.776,11.67,0.907,998.0,1
6.884,5.04,1.255,0.949,1011.66,0
23.846,15.485,9.821,1.923,987.96,1
3.243,6.162,0.266,2.371,1003.64,0
30.548,18.556,15.0,1.584,996.42,1
3.995,6.406,0.385,-1.976,1027.85,0
4.322,4.265,0.526,-0.531,1021.54,0
9.309,7.801,1.817,-1.038,1008.82,1
1.059,4.545,0.134,-0.703,1018.99,0
18.939,14.499,6.05,-1.966,985.56,1
2.598,5.277,0.219,-1.003,1020.12,0
2.404,4.212,0.201,-0.271,1015.34,0
35.0,19.618,15.0,1.22,993.79,1
23.229,13.587,8.496,1.678,992.06,1
29.125,15.205,13.155,1.197,998.61,1
14.721,10.48,4.267,0.893,981.27,1
35.0,18.949,15.0,-0.635,988.96,1
8.385,7.435,1.15,0.923,1018.39,0
3.432,4.548,0.412,-0.117,1013.18,0
18.049,14.1,5.477,-1.875,997.04,1
29.91,18.041,13.17,2.187,977.91,1
1.958,5.142,0.326,-0.408,1019.84,0
13.102,13.202,3.603,-0.317,992.69,1
4.337,6.074,0.402,0.31,1020.03,0
3.455,3.332,0.392,0.537,1022.39,0
10.0,6.34,1.451,-1.487,1011.33,1
4.475,5.846,0.501,0.234,1007.64,0
21.846,14.78,7.691,1.651,987.68,1
23.78,15.39,8.88,-0.199,996.26,1
3.165,4.668,0.275,1.003,1013.18,0
2.891,5.495,0.535,1.115,1009.77,0
22.704,13.798,8.98,-0.383,995.17,1
2.604,4.156,0.199,0.787,1019.5,0
3.286,4.884,0.532,-2.403,1023.34,0
3.89,4.532,0.421,-0.75,1014.39,0
15.293,11.842,4.289,0.643,996.51,1
19.377,13.285,7.862,1.229,1002.4,1
3.516,4.696,0.494,0.116,1021.15,0
17.221,11.118,5.161,2.017,991.07,1
10.0,6.107,1.345,2.18,1008.66,0
1.38,4.662,0.195,0.045,1024.72,0
8.294,6.019,2.241,1.083,1019.66,0
5.445,5.242,0.892,0.184,1010.86,0
2.893,4.489,0.611,0.545,1012.78,0
3.284,6.354,0.315,-0.073,1018.53,0
3.047,4.594,0.252,-0.184,1017.81,0
5.722,4.664,0.617,0.768,1022.62,0
20.707,14.518,7.35,1.193,1006.02,1
28.403,16.305,12.233,0.945,1003.93,1
29.902,18.3,13.953,0.079,969.46,1
4.013,5.64,0.36,-0.841,1017.48,0
2.862,5.138,0.409,0.731,1018.87,0
2.974,5.081,0.456,-0.39,1016.02,0
32.354,20.392,14.778,2.067,985.42,1
16.083,15.572,5.84,-1.974,1005.3,1
6.424,6.112,0.814,0.606,1006.7,0
13.686,12.235,3.48,-0.254,1001.53,1
4.539,7.732,0.533,-0.156,1031.49,0
25.097,17.229,10.011,-0.568,977.22,1
3.503,5.19,0.351,1.1,1014.13,0
2.779,3.901,0.301,0.101,1015.68,0
1.127,4.679,0.297,0.253,1018.85,0
16.331,13.448,4.621,1.7,1004.06,0
15.41,13.976,4.478,0.626,991.28,1
35.0,19.69,15.0,2.433,992.44,1
0.642,3.866,0.791,-0.377,1016.9,0
3.421,4.064,0.497,-0.866,1020.02,0
1.083,6.692,0.618,-0.047,1023.55,0
19.389,15.178,6.413,1.348,988.77,1
14.179,11.993,4.174,2.541,985.58,1
2.136,4.706,0.361,0.024,1008.66,0
25.725,13.432,10.6,0.483,1001.55,1
27.423,17.343,11.761,-0.545,976.13,1
20.144,12.66,7.147,-0.27,985.48,1
34.361,17.94,15.0,2.97,994.05,1
20.969,13.273,7.098,-1.217,989.07,1
3.541,3.943,0.33,-0.054,1020.76,0
6.845,7.515,0.924,1.095,1009.37,0
34.956,16.82,15.0,0.466,989.32,1
19.887,13.634,6.532,1.653,994.5,1
25.729,14.37,10.276,2.096,1004.93,1
2.938,5.047,0.255,1.814,1014.33,1
21.702,14.636,7.648,1.321,984.82,1
25.161,16.117,10.22,1.359,985.55,1
17.722,13.632,5.648,-0.421,983.57,1
24.043,14.392,9.132,-2.159,988.65,1
35.0,17.055,15.0,-1.068,993.58,1
1.844,4.824,0.299,0.648,1022.22,0
24.034,15.832,9.675,-1.21,992.98,1
19.199,14.577,6.488,1.393,1001.02,1
16.72,12.118,4.867,-2.474,993.85,1
1.198,4.984,0.15,0.313,1020.63,0
35.0,16.638,15.0,2.356,978.65,1
5.961,6.416,0.65,-0.922,1016.44,0
1.046,3.695,0.093,1.085,1019.89,0
2.106,5.209,0.151,-1.056,1012.64,0
25.813,15.171,10.367,0.294,978.74,1
5.858,5.105,0.669,0.611,1015.44,0
9.2,5.64,1.528,-0.155,1013.63,0
3.842,3.877,0.363,-0.396,1022.25,0
25.538,16.391,11.313,-0.733,988.44,1
4.187,5.442,0.379,-0.497,1013.64,0
5.54,6.063,0.664,3.191,1014.92,0
21.069,16.013,7.166,-1.243,982.59,1
4.548,5.686,0.711,1.803,1006.57,0
8.721,7.524,1.128,0.853,1021.84,0
6.338,5.012,0.936,1.094,1018.07,0
2.129,5.014,0.976,0.022,1031.0,0
1.703,4.424,0.246,1.767,1023.56,0
14.428,13.457,4.145,-0.237,999.91,1
5.599,6.107,0.647,0.059,1007.95,0
5.755,5.629,0.653,-0.118,1015.19,0
26.254,14.696,10.924,-0.236,986.92,1
7.468,6.203,0.981,1.761,1019.6,0
26.054,15.137,12.21,2.509,987.95,1
18.828,12.556,6.117,-1.229,995.57,1
3.116,5.59,0.338,0.626,1011.08,0
26.439,14.928,10.655,1.09,1004.32,1
5.534,4.787,0.898,0.788,1020.52,0
15.331,10.472,4.668,1.049,996.67,1
2.276,5.052,0.379,0.32,1015.29,0
1.764,3.855,0.215,-1.564,1010.28,0
32.719,18.568,15.0,1.495,977.96,1
2.143,4.918,0.185,1.239,1018.04,0
4.213,6.163,0.545,0.958,1008.99,0
23.289,17.024,9.366,1.228,988.04,0
19.409,14.251,6.212,-0.246,993.25,1
15.258,13.497,4.614,2.212,993.49,1
33.433,19.238,15.0,0.021,982.56,1
24.084,15.43,9.375,-0.544,1003.02,1
3.243,6.771,0.299,-0.523,1014.26,0
17.571,12.349,5.695,2.272,999.12,1
13.267,12.586,3.645,3.19,993.02,1
22.208,15.056,8.339,1.863,991.59,1
4.45,6.488,0.516,0.435,1016.52,0
1.228,4.191,0.571,0.682,1033.78,0
25.4,15.317,10.636,-1.485,985.48,1
3.71,4.609,0.407,1.439,1024.64,0
23.933,15.202,9.184,0.188,982.14,1
24.3,15.948,9.314,-1.136,995.72,1
5.884,5.416,0.841,1.861,1017.79,0
1.173,4.499,0.205,1.424,1016.55,0
2.087,5.274,0.253,-0.061,1015.44,0
4.188,5.162,0.671,0.629,1026.9,0
14.945,12.583,4.496,0.954,993.3,1
15.33,11.805,4.484,2.193,989.39,1
14.309,10.193,5.079,-1.422,997.31,1
24.738,14.682,9.863,-1.031,978.52,1
20.007,14.01,7.609,-0.772,994.47,1
23.652,14.581,8.94,-0.14,1004.79,1
21.883,14.533,7.657,0.125,994.96,1
10.0,7.29,1.769,-0.121,1016.31,0
16.198,14.125,4.841,1.621,1001.65,1
22.884,13.515,8.816,1.737,984.28,1
21.457,12.562,8.7,-0.597,979.28,1
1.932,6.065,0.338,-1.744,1021.93,0
10.0,6.257,1.468,0.782,1016.08,0
22.483,16.131,8.227,-1.281,1009.47,1
5.552,3.817,1.379,-0.698,1014.02,0
3.755,5.71,0.444,0.262,1021.21,0
12.851,11.878,3.267,1.437,990.76,1
2.089,5.516,0.475,2.303,1013.81,0
16.276,13.839,4.615,-1.023,991.19,1
20.496,13.323,6.946,1.372,991.78,1
3.452,6.188,0.337,2.435,1025.15,0
4.416,6.092,0.634,-0.208,1024.72,0
35.0,18.254,15.0,0.949,989.7,1
18.929,14.19,6.127,-1.946,991.14,1
21.802,15.36,7.741,0.86,990.7,0
2.283,6.205,0.374,1.546,1022.17,0
21.832,14.665,7.786,-0.093,988.86,1
1.089,4.356,0.159,-0.166,1018.72,0
10.0,7.099,1.321,-0.623,1001.57,0
15.338,12.349,4.881,1.166,988.8,1
35.0,17.873,15.0,-2.24,995.85,1
16.434,11.815,5.818,0.704,994.25,1
1.252,6.263,0.211,-0.707,1037.28,0
0.545,3.95,0.232,0.064,1019.89,0
7.164,6.569,1.402,1.174,1010.23,0
4.653,4.677,0.557,0.521,1014.59,0
35.0,21.275,15.0,-1.187,983.47,1
2.008,4.504,0.383,1.523,1014.58,0
24.313,13.663,9.485,2.109,994.29,1
5.074,7.29,0.611,-0.357,1021.04,0
8.091,6.193,0.949,1.931,1018.57,0
4.973,5.808,0.991,-0.432,1008.6,0
7.631,4.99,1.067,-0.326,1016.91,0
20.962,14.156,7.709,0.781,989.7,1
7.684,6.078,0.936,0.612,1017.25,0
17.503,11.27,6.178,2.061,1002.99,1
30.621,17.153,13.641,1.294,989.38,1
1.878,5.125,0.857,-1.016,1019.13,0
3.025,5.737,0.255,-0.461,1015.53,0
13.476,13.036,3.79,2.185,999.65,1
2.463,4.711,0.478,-0.143,1010.21,0
2.43,4.928,0.344,-1.281,1017.59,0
5.617,6.179,0.993,0.27,1022.55,0
20.82,12.791,7.165,0.016,981.59,0
1.256,6.693,0.232,0.079,1012.41,0
5.644,4.953,1.154,0.381,1023.19,0
4.882,7.099,0.759,0.462,1017.28,0
14.198,11.541,6.729,-1.22,1004.67,1
8.255,5.675,1.193,0.772,1012.99,0
1.892,4.69,0.387,-0.459,1019.68,0
3.143,5.506,0.502,-1.287,1014.62,0
0.475,4.547,0.05,-1.728,1015.98,0
1.996,5.031,0.405,0.318,1015.94,0
2.184,4.933,0.619,-0.162,1018.46,0
0.961,5.785,0.052,0.433,1013.84,0
20.474,13.062,6.897,1.778,998.19,1
26.41,17.381,10.855,1.383,987.47,1
20.807,14.022,7.188,2.235,1001.05,1
1.601,4.375,0.244,1.962,1020.77,0
1.818,4.679,0.174,-0.169,1010.67,0
25.967,15.277,12.876,-1.216,982.85,1
8.344,7.829,1.252,0.725,1024.17,0
27.254,15.186,11.176,2.405,976.9,1
18.932,11.971,7.995,-0.739,986.34,1
33.879,20.234,15.0,0.287,994.47,1
8.333,5.721,1.403,1.956,1016.02,0
2.391,6.013,0.48,0.568,1015.19,0
25.869,17.917,10.42,1.421,989.42,1
2.445,5.001,0.231,0.357,1018.86,0
22.393,15.993,7.949,-1.418,996.45,1
3.733,6.224,0.567,1.448,1006.91,0
5.53,5.623,1.388,1.329,1006.18,0
10.0,6.162,1.731,-0.647,1019.0,0
13.625,11.775,3.543,1.898,976.94,1
0.646,3.773,0.136,-0.135,1018.69,1
15.379,14.371,4.805,-1.617,997.45,1
15.232,10.391,4.488,1.283,1003.73,1
7.137,6.085,1.098,1.401,1001.61,0
11.67,11.871,2.899,-0.059,995.92,1
16.945,12.72,5.002,2.273,1000.42,1
16.7,15.255,5.441,-0.008,993.29,1
21.871,14.594,7.695,-0.72,1001.21,1
35.0,17.758,15.0,2.303,981.81,1
2.094,5.073,0.424,-0.217,1012.56,0
2.421,4.372,0.238,0.809,1017.91,0
1.194,5.169,0.097,-0.387,1035.18,0
4.424,5.219,0.735,-0.182,1015.43,0
35.0,19.326,15.0,-1.602,995.91,1
15.753,14.019,4.39,1.941,992.21,1
12.64,13.539,3.159,0.753,987.87,1
3.815,4.876,0.436,2.416,1020.04,0
24.227,15.546,9.5,-1.205,1001.67,1
29.463,15.352,12.723,2.027,986.17,1
16.717,12.379,5.025,1.22,991.48,1
3.233,6.014,0.38,-0.061,1012.74,0
3.644,5.397,0.364,0.358,1016.93,1
21.664,14.445,8.091,1.559,985.94,1
18.318,15.905,6.211,1.446,987.77,1
20.08,12.606,7.571,1.718,982.61,1
3.377,6.116,0.361,0.497,1017.69,0
15.72,11.736,5.538,2.006,1003.6,1
18.202,14.428,5.96,2.098,999.96,1
25.064,14.912,10.3,2.004,999.01,1
2.994,6.578,0.279,0.314,1014.13,1
23.727,15.605,8.918,-2.589,1005.19,1
3.331,5.737,0.338,0.124,1013.52,0
1.063,3.637,0.667,-0.757,1012.16,0
22.082,12.556,8.168,1.293,993.27,1
29.421,17.935,13.481,-1.086,992.32,1
1.637,3.471,0.258,1.095,1027.02,0
3.585,5.221,0.455,0.331,1020.01,0
3.701,6.189,0.492,1.065,1017.4,0
19.697,14.27,7.428,1.192,986.15,1
19.979,14.417,6.689,1.065,993.38,0
4.112,4.393,0.618,0.365,1021.23,0
2.677,5.466,0.293,1.26,1016.9,0
2.466,3.62,0.247,0.576,1026.75,0
3.749,4.405,0.39,0.744,1012.66,0
17.611,12.55,5.518,1.662,997.97,1
24.99,12.94,10.741,-1.42,996.91,1
1.11,4.446,0.463,-0.188,1019.2,0
35.0,17.9,15.0,-0.392,991.9,1
15.786,12.451,7.234,0.567,990.73,1
26.687,15.425,11.427,1.351,981.31,1
11.44,10.964,2.527,2.066,976.06,1
4.907,5.384,0.521,0.947,1020.29,0
28.943,17.625,12.529,-1.646,985.63,1
1.404,3.723,0.439,-0.356,1014.72,0
2.661,5.041,0.221,0.332,1019.14,0
17.84,14.544,5.513,1.686,991.85,1
18.217,12.08,5.756,-0.494,1003.58,1
2.588,4.291,1.091,1.376,1020.61,0
10.0,7.706,1.403,0.428,1012.68,0
19.52,12.966,6.507,-1.465,997.5,1
3.971,4.42,0.718,-0.772,1016.49,0
24.878,15.235,9.44,2.871,994.4,1
2.788,6.021,0.286,0.252,1016.26,0
16.339,14.337,4.881,0.52,993.05,1
17.722,13.014,6.112,1.412,992.3,1
1.935,5.385,0.182,0.077,1020.14,0
1.739,4.115,0.148,-0.87,1021.34,0
1.648,4.639,0.344,-0.396,1013.57,0
4.901,7.147,0.716,0.264,1006.53,0
18.057,14.316,5.555,-1.024,993.2,1
5.624,5.537,0.645,-0.04,1039.77,0
5.528,4.921,0.73,-0.434,1021.73,0
27.151,17.528,11.792,-1.363,978.32,1
17.342,13.783,5.31,2.003,988.86,1
7.173,7.141,0.814,-0.804,1013.41,0
27.613,17.523,11.287,1.519,998.09,1
18.103,14.592,6.009,-0.696,973.17,1
35.0,16.988,15.0,0.023,982.68,1
4.837,6.272,0.664,1.659,1021.32,0
17.587,12.629,5.745,-2.054,1002.76,1
1.674,5.775,0.149,1.006,1003.21,0
27.123,14.989,11.56,0.624,985.62,1
2.807,4.607,0.239,0.393,1008.99,0
4.704,6.844,0.489,-0.026,1013.78,0
4.082,6.273,0.398,-0.018,1010.85,0
25.205,15.109,9.75,1.179,987.07,1
7.605,6.524,1.091,-1.283,1017.18,0
2.802,6.428,0.787,-0.552,1023.55,0
6.924,5.364,0.839,1.051,1020.96,0
3.345,4.686,0.531,0.541,1009.89,0
4.132,4.445,0.39,0.247,1015.74,0
3.094,7.828,0.413,0.303,1022.01,0
10.0,6.959,1.326,-1.243,1003.78,0
2.528,6.859,0.343,-1.048,1029.65,0
3.718,5.392,0.653,-0.348,1024.93,1
25.431,14.756,10.308,0.821,997.71,1
31.125,18.723,13.891,0.441,973.65,1
5.157,5.359,0.781,-0.479,1014.7,0
12.089,10.939,3.638,3.386,994.8,1
5.421,6.114,0.561,-0.611,1013.82,0
4.76,5.969,0.554,-2.616,1019.64,0
28.062,15.828,12.287,-1.089,986.43,1
5.264,6.979,0.556,0.093,1010.44,0
26.32,16.039,10.447,-1.333,991.35,1
15.164,10.905,5.107,-1.641,994.57,0
7.277,6.405,0.935,-1.174,1021.6,0
2.736,3.106,0.305,-0.488,1017.63,0
21.196,14.026,7.537,2.942,994.56,1
1.432,3.699,0.325,0.37,1020.45,0
2.145,4.934,0.173,0.007,1016.96,0
3.645,5.975,0.324,0.467,1018.3,0
20.376,12.094,7.345,0.801,1000.77,1
28.918,16.159,12.243,-1.372,990.88,1
24.673,15.556,9.702,-1.698,986.21,1
25.517,15.335,10.122,2.511,996.11,1
0.692,3.431,0.172,0.229,1024.6,0
35.0,18.715,15.0,0.093,990.05,1
19.486,15.407,6.774,1.143,999.39,1
20.859,13.75,7.318,-1.107,989.43,1
31.776,16.22,14.596,0.701,995.2,1
1.889,6.524,0.506,0.687,1015.08,0
24.659,16.366,9.791,2.002,987.91,1
4.473,5.531,0.534,-2.053,1018.82,0
3.932,4.643,0.89,0.077,1003.11,0
20.585,15.389,6.902,0.188,979.39,1
8.05,7.544,1.017,-0.355,1006.22,0
19.176,14.55,6.104,-1.637,990.16,1
3.646,4.77,0.457,0.749,1015.91,0
32.506,18.081,15.0,-1.224,985.96,1
5.269,6.393,0.524,-0.106,1015.59,0
21.676,15.804,7.62,2.278,994.87,1
17.808,12.23,5.511,-0.943,993.28,1
3.261,4.524,0.815,0.473,1019.2,0
1.964,5.255,0.219,-0.669,1015.86,0
1.602,4.539,0.127,-1.05,1026.33,0
7.9,8.554,0.932,0.087,1019.78,0
32.947,19.573,15.0,1.271,981.71,1
2.666,6.412,0.216,0.65,1025.98,0
1.74,4.57,0.153,1.375,1015.68,1
5.341,6.654,0.536,-0.231,1020.64,0
4.228,6.434,0.92,0.518,1014.26,0
1.645,4.425,0.369,0.472,1010.58,0
19.0,14.135,6.291,0.668,982.78,1
5.278,5.579,0.563,1.326,1009.09,0
35.0,17.74,15.0,-1.443,979.21,1
30.045,17.026,14.275,1.489,988.02,1
12.681,11.019,3.127,1.882,999.54,1
27.029,14.109,11.39,-0.892,989.29,1
3.661,4.209,0.491,0.806,1013.96,0
18.968,14.956,6.825,-0.157,982.94,1
4.026,6.726,0.545,-0.507,1015.59,0
19.933,14.718,6.765,2.058,982.57,1
5.09,4.417,0.536,0.76,1020.14,0
1.322,4.845,0.188,-1.344,1003.96,0
4.181,5.061,0.419,0.222,1012.33,0
3.02,4.957,0.333,1.547,1015.6,0
18.118,13.336,6.645,-0.112,1003.82,1
4.762,5.337,0.81,1.244,1017.65,0
2.659,5.204,1.094,0.763,1014.48,1
22.931,14.073,8.297,-0.034,993.9,1
22.203,15.099,7.989,-0.552,997.7,1
1.846,5.101,0.285,0.22,1018.91,0
2.972,5.14,0.303,-0.409,1020.37,0
19.043,14.415,6.551,2.209,1014.67,1
0.992,4.226,0.391,0.229,1020.94,0
4.963,6.878,0.484,0.204,1012.13,0
18.54,12.605,6.219,1.422,998.28,1
18.967,13.417,6.234,-1.615,1003.56,1
1.493,4.309,0.137,1.065,1020.96,0
2.041,5.211,0.496,0.207,1020.08,0
4.551,5.715,0.684,1.953,1022.26,0
15.356,14.191,4.373,-1.616,990.78,1
1.298,4.628,0.411,2.464,1021.54,0
19.316,12.775,6.446,-1.247,987.91,1
15.196,12.569,4.416,-0.654,1002.93,1
14.239,12.563,5.283,0.796,1003.32,1
24.347,14.706,9.6,-1.265,977.96,1
20.667,13.846,6.994,0.416,998.02,1
4.685,4.918,0.458,-0.031,1026.84,0
3.058,6.928,0.262,0.422,1018.26,0
15.681,13.112,5.074,-2.41,1000.27,1
3.307,5.517,0.78,-1.266,1015.3,0
24.387,16.114,9.156,-2.079,994.39,1
11.743,12.132,2.865,1.793,993.82,1
15.915,12.175,4.867,-0.829,984.56,1
6.971,7.499,0.775,0.247,1015.82,0
20.386,14.621,7.219,2.059,994.54,1
2.622,4.741,0.998,1.38,1021.4,0
35.0,20.314,15.0,0.637,989.78,1
15.562,12.621,4.82,-1.317,1003.02,1
1.732,4.301,0.81,0.64,1006.58,0
17.559,12.057,5.245,2.521,1007.11,1
3.824,5.877,0.777,-1.166,1008.34,0
31.598,16.027,14.317,-0.013,986.13,1
17.656,13.341,5.31,-0.699,997.67,1
5.502,5.729,0.648,0.132,1025.51,1
17.482,12.504,5.92,-0.091,972.77,1
21.415,15.599,7.434,1.89,983.38,1
25.221,14.218,10.02,1.243,989.12,1
22.807,14.547,8.157,-1.144,988.0,1
13.415,12.275,3.419,1.617,1007.83,1
27.034,15.37,11.034,1.216,987.77,1
15.816,11.66,4.39,0.003,988.22,0
1.704,4.842,0.22,0.236,1021.04,0
26.277,17.091,10.441,-1.412,995.14,1
2.641,5.767,0.225,0.422,1025.13,0
2.484,5.906,0.314,-0.058,1011.36,0
29.539,17.084,12.863,-1.859,979.37,1
1.459,5.512,0.252,1.414,1011.63,0
18.947,13.748,6.444,1.08,988.34,1
7.063,5.224,0.912,0.005,1011.59,0
5.741,4.996,0.64,0.673,1018.99,0
19.295,13.017,6.347,1.161,988.95,1
5.416,6.445,0.759,0.002,1030.32,0
4.402,6.029,0.444,-0.747,1015.3,0
2.963,5.191,0.283,0.922,1007.52,0
20.629,11.908,7.496,2.234,997.1,1
10.0,7.803,1.291,-0.718,1020.25,0
2.313,4.83,0.303,0.334,1017.81,0
31.539,17.094,14.247,1.224,994.27,1
2.825,6.46,0.323,-0.879,1023.82,0
23.422,16.651,8.948,-1.02,987.9,1
3.005,4.724,0.252,-0.757,1027.36,0
0.2,2.826,0.137,-0.538,1016.59,0
2.915,5.1,0.272,-0.085,1013.0,0
13.988,12.164,3.94,-0.217,1001.33,1
21.307,14.307,7.505,-0.892,986.66,1
6.27,7.298,0.842,0.104,1015.53,1
5.293,6.35,1.438,-0.318,1015.47,0
2.803,5.379,1.259,0.862,1016.08,0
5.012,6.491,0.625,0.416,1010.75,0
10.0,6.962,1.512,-0.706,1010.52,0
2.302,4.095,0.168,0.506,1017.72,0
16.17,11.872,6.781,-1.633,998.67,1
25.402,16.305,9.813,-0.078,986.98,1
5.442,4.597,0.67,1.34,1020.49,0
26.025,14.968,10.894,-1.447,998.18,1
2.678,4.338,1.097,1.388,1026.38,0
13.162,11.757,4.868,2.108,1005.34,1
25.682,15.388,10.922,-2.162,1000.71,1
21.548,11.716,7.493,-2.48,996.4,1
2.345,3.288,0.171,0.367,1015.5,0
7.244,6.637,0.956,0.046,1020.43,0
3.903,5.045,0.887,1.602,1028.54,0
7.655,6.941,0.972,0.123,1019.76,0
35.0,19.886,15.0,-1.713,996.74,1
7.269,6.449,1.536,1.943,1022.6,0
5.972,5.097,0.737,-0.331,1014.0,0
4.652,6.01,0.494,-0.91,1016.22,0
35.0,20.052,15.0,1.197,986.11,1
1.93,3.848,0.314,-1.59,1018.41,0
18.368,14.709,6.094,1.751,996.28,1
17.652,13.575,5.583,0.459,992.15,1
16.159,12.586,4.875,-1.116,996.86,1
13.44,11.531,3.657,-0.693,996.3,1
19.896,13.008,7.998,0.528,983.08,1
11.769,13.367,3.541,0.858,986.97,1
26.414,14.549,11.151,0.74,981.1,1
3.956,4.884,0.566,0.663,1014.54,0
27.617,15.292,12.016,1.849,994.14,1
15.96,13.758,5.515,-0.997,988.58,1
4.638,6.704,0.544,-0.606,1015.81,0
2.499,7.106,0.465,1.09,1027.2,0
1.974,5.029,0.133,-1.237,1020.17,0
16.094,11.29,4.814,0.57,992.11,1
29.396,18.254,12.601,-1.528,1000.26,1
25.041,14.179,9.545,1.21,985.53,1
25.109,15.375,10.384,0.692,978.75,1
24.185,15.131,9.721,-0.446,1002.72,1
23.489,15.423,8.954,-1.365,991.25,1
18.388,13.273,6.606,-1.384,986.53,1
35.0,17.516,15.0,-0.318,990.08,1
5.392,5.661,0.688,-0.524,1016.37,0
4.336,5.29,0.469,-0.984,1013.38,0
35.0,18.552,15.0,-0.996,988.61,1
1.897,4.629,0.16,0.567,1017.14,0
34.427,16.865,15.0,1.142,992.58,1
22.664,15.572,8.686,-0.233,982.25,1
1.403,5.261,0.208,0.342,1012.0,0
25.874,16.658,12.094,-1.974,980.73,1
35.0,18.243,15.0,2.12,992.11,1
1.378,4.676,0.487,0.792,1016.56,0
1.947,5.776,0.737,-0.568,1021.4,0
4.161,6.077,0.455,0.211,1010.27,0
25.169,14.379,10.195,-1.454,981.35,1
1.154,5.163,0.218,0.341,1026.38,0
28.005,16.661,11.744,1.124,990.87,1
27.357,15.479,11.45,-1.37,982.65,1
4.229,3.847,0.782,1.962,1013.29,0
3.331,4.85,0.415,1.396,1023.87,0
3.313,4.803,0.271,-0.046,1020.73,0
25.408,14.957,10.173,-0.906,994.85,1
17.506,12.968,5.559,1.138,995.45,1
20.703,12.875,7.973,-0.592,979.64,1
15.379,15.49,4.649,1.343,992.73,1
20.953,12.592,7.689,-1.294,993.17,1
8.188,5.566,1.246,1.005,1015.62,0
3.133,5.9,0.319,-0.549,1026.19,0
1.749,4.309,0.626,1.996,1029.23,0
3.195,5.067,0.546,1.609,1024.52,0
0.401,4.586,0.124,-0.113,1013.47,0
31.486,16.037,14.264,-0.977,980.42,1
22.44,15.58,8.317,0.893,989.02,1
26.694,16.178,10.705,-0.063,1007.39,1
3.992,6.108,0.373,0.694,1017.75,0
3.658,4.891,0.741,0.439,1015.1,0
1.042,4.78,0.434,0.74,1013.58,0
3.939,4.779,0.396,-0.49,1017.57,0
28.815,16.205,12.904,-1.428,975.65,1
25.416,15.49,10.269,-0.673,993.45,1
2.188,4.443,0.19,0.402,1022.45,0
35.0,18.027,15.0,2.151,983.2,1
27.662,14.793,11.721,-1.382,981.14,1
34.599,18.936,15.0,-0.806,982.88,1
35.0,16.134,15.0,0.16,996.98,1
4.647,5.797,0.482,1.73,1017.49,0
35.0,19.104,15.0,1.345,991.46,1
7.584,7.345,1.77,-1.018,1005.38,0
31.162,16.48,15.0,-0.999,994.09,1
24.019,13.677,9.121,0.203,989.99,1
1.15,3.575,0.519,-0.788,1019.99,0
3.091,4.609,0.303,-0.594,1010.82,0
28.585,16.026,12.079,-0.635,990.67,1
23.825,15.345,9.644,-2.084,991.07,1
17.364,16.386,6.547,2.339,994.58,1
4.355,5.622,0.466,1.001,1017.58,0
2.494,4.104,0.257,0.393,1019.75,0
5.557,4.449,0.707,0.491,1025.32,0
28.003,14.105,12.379,-0.395,984.87,1
25.905,15.46,10.147,-0.602,1010.21,1
1.141,2.892,0.157,0.508,1027.01,0
12.536,11.617,3.361,-1.911,994.14,1
4.161,5.626,0.716,0.405,1013.55,0
15.374,15.262,4.862,-1.464,993.09,0
2.701,5.45,0.594,-0.043,1012.9,0
23.394,14.091,9.954,-1.642,993.69,1
6.463,5.258,1.377,-0.246,1011.24,0
8.403,5.419,0.995,1.166,1019.26,0
5.012,6.212,0.899,-1.102,1015.1,0
1.732,4.222,0.588,1.811,1021.05,0
26.919,16.728,11.037,-1.495,981.2,1
2.916,5.311,0.324,-1.257,1012.23,0
5.844,6.049,0.621,0.758,1018.99,0
1.829,4.157,0.249,-0.413,1022.3,0
24.626,15.577,9.45,-2.155,992.06,1
2.723,4.285,0.23,-0.882,1019.02,0
2.318,6.076,0.475,0.523,1024.02,0
3.519,5.868,1.129,1.445,1017.75,0
3.683,4.916,0.359,-0.379,1014.57,0
7.153,5.794,1.245,-0.199,1027.26,0
31.346,18.09,14.389,1.996,979.41,1
14.599,12.421,4.262,1.934,996.17,0
18.898,15.346,5.924,-0.596,1001.74,1
3.394,4.964,0.356,0.883,1019.07,0
7.962,6.494,1.324,0.323,1009.16,0
35.0,19.961,15.0,2.737,987.54,1
3.421,4.606,0.282,0.693,1022.15,0
22.952,14.921,8.592,1.306,977.16,1
21.913,14.626,7.918,0.654,983.33,1
27.028,17.382,10.974,2.031,993.51,1
4.753,6.03,0.816,-1.153,1022.56,0
1.497,4.111,0.128,-0.046,1025.49,0
3.21,3.872,0.471,-0.097,1016.89,0
23.764,15.547,9.077,-1.717,997.79,1
14.0,12.854,4.15,1.451,992.23,0
19.483,14.013,6.366,-0.678,1005.45,1
9.108,6.405,1.346,0.189,1008.67,0
34.865,18.759,15.0,1.23,984.57,1
18.296,12.602,6.059,1.151,990.21,1
33.859,18.913,15.0,1.761,997.88,1
3.228,4.767,0.36,2.135,1026.4,0
35.0,17.536,15.0,0.289,978.2,1
16.821,14.446,5.052,-2.348,1000.12,1
35.0,19.308,15.0,1.709,980.52,1
2.101,5.561,0.345,1.187,1018.62,0
18.426,15.525,6.056,-1.511,983.09,1
26.991,16.313,10.933,-1.161,1009.68,1
28.636,16.163,12.164,-1.278,992.66,1
0.58,5.226,0.069,0.588,1023.24,0
12.001,13.287,2.925,0.872,978.56,1
35.0,17.489,15.0,-0.48,998.47,1
10.357,11.083,2.419,2.818,990.91,1
27.89,15.278,12.747,0.79,991.84,1
14.724,13.553,4.502,-0.005,1002.41,1
1.001,4.775,0.206,-0.429,1020.73,0
0.973,4.479,0.153,0.45,1026.13,0
4.008,5.498,0.756,0.161,1016.69,0
17.36,13.913,5.416,1.158,995.27,1
29.333,17.917,13.375,1.699,990.56,1
7.927,6.595,1.074,1.426,1003.98,1
4.444,5.651,0.579,0.08,1016.81,0
3.288,5.733,0.303,0.624,1020.24,0
2.055,5.425,0.321,0.742,1009.41,0
1.602,5.306,0.171,0.101,1018.19,0
16.767,11.487,5.024,-1.704,997.85,1
7.68,7.364,1.064,2.284,1007.52,0
14.497,11.884,4.237,0.459,995.37,1
26.567,16.235,10.668,1.785,999.09,1
21.039,13.408,7.477,-0.78,1002.94,1
16.425,14.214,5.47,2.051,999.88,1
20.639,14.651,8.325,1.617,974.27,1
25.869,12.687,10.734,-1.056,994.27,1
21.905,12.865,7.869,0.433,992.05,1
20.437,13.614,6.762,-2.365,998.05,1
2.339,5.885,0.168,-0.27,1012.91,0
12.204,10.499,3.166,-1.486,986.3,1
4.247,5.412,0.804,2.097,1024.6,0
3.849,5.811,0.332,-0.474,1014.55,0
14.576,15.064,3.966,1.991,1002.12,1
20.674,12.983,7.309,1.104,990.06,1
4.386,5.886,0.702,0.313,1014.29,0
35.0,18.775,15.0,-0.721,997.46,1
3.373,4.543,1.613,0.69,1028.34,0
3.738,6.15,0.592,0.458,1018.39,0
17.703,16.173,5.652,-1.237,992.08,0
20.465,15.131,7.031,1.478,1012.37,1
20.074,12.093,8.54,-0.544,989.46,1
22.734,17.325,8.354,-1.657,997.12,1
16.032,11.711,4.901,1.045,996.87,1
0.906,5.44,0.362,0.669,1024.99,0
15.882,12.928,4.669,0.843,990.48,1
32.622,18.431,15.0,-1.235,998.99,1
28.176,16.14,12.847,-1.355,986.54,1
17.499,14.814,5.246,0.987,987.87,1
34.845,19.372,15.0,-1.501,1007.62,1
5.894,6.37,0.809,0.58,1015.75,0
6.313,5.305,0.762,-0.806,1024.66,0
1.985,5.345,0.305,-0.604,1012.64,0
35.0,18.712,15.0,2.645,987.51,1
3.5,6.546,0.414,0.111,1010.39,0
16.33,11.006,5.003,-1.58,972.99,1
32.512,17.999,15.0,-1.531,996.0,1
2.56,5.621,0.221,1.226,1019.57,0
18.924,13.267,6.043,0.22,987.52,1
3.627,7.019,0.669,0.47,1022.32,0
1.304,4.485,0.14,0.587,1011.75,0
26.345,15.464,10.968,0.962,997.18,1
29.128,17.65,12.607,-1.119,992.98,1
27.997,17.16,11.58,-0.857,987.23,1
6.966,5.67,0.791,-2.476,1013.72,0
12.961,9.26,3.536,-0.698,996.35,1
3.995,5.46,0.804,1.039,1015.69,0
22.249,15.441,9.104,1.793,990.65,1
31.879,17.404,14.433,-0.521,982.84,1
6.582,6.723,0.715,-0.12,1019.25,0
1.614,3.956,0.169,-0.18,1013.22,0
3.229,4.932,0.295,0.97,1016.79,0
35.0,17.593,15.0,-0.713,1001.8,1
3.698,7.084,0.692,-0.379,1017.99,1
1.929,5.339,0.416,-0.072,1027.2,0
4.984,4.856,0.509,0.407,1023.11,0
27.439,18.594,11.37,-1.338,987.27,1
25.428,15.1,9.879,1.573,995.7,1
22.466,15.054,8.009,2.346,998.56,1
31.214,18.053,13.944,-1.497,998.66,1
28.519,14.58,12.719,1.371,993.49,1
2.772,5.158,0.385,1.081,1014.87,0
10.0,5.837,1.309,0.572,1017.18,0
7.857,6.713,0.901,-0.656,1018.3,0
23.854,14.281,9.201,1.733,987.87,1
20.305,16.069,6.927,-1.315,1000.58,1
12.926,13.977,4.103,0.347,997.19,1
13.83,11.137,4.308,-1.235,989.82,1
3.141,4.962,0.324,1.654,1024.22,0
4.514,5.907,0.481,0.206,1017.99,0
31.188,18.092,15.0,-1.769,983.41,1
2.03,5.377,0.661,1.529,1017.1,0
12.938,11.544,3.301,1.965,978.96,1
18.212,14.231,6.478,-1.051,977.04,1
5.41,6.688,1.221,-0.113,1017.45,0
4.723,6.168,0.578,1.16,1018.66,0
5.239,5.461,0.57,0.008,1017.2,0
21.144,15.218,7.294,1.347,1000.94,1
35.0,17.791,15.0,-2.78,975.72,1
21.084,13.631,7.311,2.32,1001.32,1
1.75,4.69,0.112,0.906,1020.75,0
35.0,17.213,15.0,-0.904,980.33,1
2.955,4.075,0.485,-1.308,1021.38,0
21.441,14.339,8.913,1.452,989.81,1
17.941,14.82,5.55,0.029,988.08,1
3.572,4.394,0.492,1.518,1022.54,0
3.165,5.873,0.294,-0.75,1028.27,0
13.014,14.935,4.903,0.777,999.84,1
5.037,6.372,0.596,0.336,1012.94,0
26.677,16.727,11.487,0.548,981.65,1
3.88,6.258,0.338,-0.493,1013.17,0
18.96,12.888,6.298,1.766,999.3,1
23.576,15.574,8.658,1.963,989.88,1
23.211,15.031,8.82,2.996,995.07,1
2.486,4.742,0.447,0.935,1021.47,0
3.024,4.539,0.745,1.222,1019.75,0
3.302,3.596,0.503,0.072,1017.19,1
23.042,15.539,8.799,-1.561,998.2,1
1.928,4.151,0.281,0.098,1016.03,0
3.102,6.074,0.323,0.264,1013.54,0
20.947,13.546,7.119,0.44,992.42,1
6.406,6.459,0.782,-1.562,1014.43,0
5.291,6.563,0.598,-0.794,1015.06,0
3.336,5.257,0.314,1.068,1012.16,0
2.729,5.851,0.258,-0.146,1014.65,0
5.227,5.298,0.621,0.286,1019.91,0
6.525,6.975,1.454,-0.615,1018.57,0
21.367,14.59,7.345,2.195,992.64,1
7.085,7.519,1.542,0.543,1015.92,0
2.8,5.293,0.249,1.136,1010.54,0
5.067,5.34,1.117,1.633,1014.87,1
11.435,13.598,2.559,1.278,995.42,1
35.0,18.961,15.0,-0.493,992.33,1
21.689,14.712,7.821,-1.91,1001.68,1
22.337,13.381,7.879,-1.251,981.45,1
24.924,17.115,10.322,-0.881,985.03,1
20.801,14.387,7.188,-1.23,988.75,1
0.467,5.037,0.191,1.885,1028.29,0
26.482,16.902,11.261,2.424,987.27,1
19.795,15.89,7.322,-1.497,1000.76,1
3.373,4.574,0.562,-0.764,1008.99,0
4.071,6.081,0.406,1.101,1009.08,0
3.177,5.552,0.272,0.566,1016.24,0
5.624,5.758,0.869,-0.118,1014.2,0
6.619,7.196,0.771,0.709,1010.49,0
15.801,14.382,4.901,-1.366,999.02,0
1.137,4.746,0.17,-1.449,1023.89,0
3.017,5.54,0.424,0.805,1014.7,0
20.105,14.264,8.119,-0.075,991.92,1
4.766,5.897,0.498,1.083,1017.54,0
2.435,4.56,0.3,0.431,1031.3,0
4.349,6.517,0.394,0.405,1019.29,0
31.875,17.609,14.611,-1.424,991.85,1
27.788,16.691,11.801,-0.788,980.7,1
24.307,14.358,9.483,-1.678,996.52,1
26.437,15.289,10.563,1.632,999.45,1
4.474,4.545,0.693,-0.734,1015.81,0
6.444,4.088,0.719,0.95,1018.62,0
2.266,3.919,1.82,1.325,1005.82,0
30.159,17.857,13.242,2.217,985.04,1
19.578,15.591,7.327,0.869,990.14,1
25.077,16.821,11.084,2.215,974.84,1
7.807,6.704,1.05,-0.492,1017.44,0
35.0,18.819,15.0,2.257,1006.04,1
22.804,14.714,8.63,-0.389,1000.46,1
1.912,5.161,0.126,0.688,1018.32,1
0.788,5.089,0.067,-0.782,1011.73,0
3.149,5.245,0.356,1.095,1018.51,1
5.507,5.214,0.672,0.3,1010.6,0
7.332,6.64,1.034,0.159,1016.41,0
1.245,5.71,0.316,1.246,1013.71,0
19.589,11.529,6.306,-0.718,992.68,1
14.859,14.565,4.017,-1.483,977.16,1
4.919,5.893,0.477,0.492,1023.25,0
7.068,5.688,1.261,0.952,1020.19,0
5.329,6.344,0.701,-0.456,1015.26,0
3.066,4.882,0.588,-0.248,1010.85,0
23.642,15.454,8.705,-1.025,993.16,1
15.746,10.76,4.673,-0.427,967.84,1
20.03,14.044,6.995,0.841,990.91,1
35.0,19.036,15.0,-1.357,980.02,1
31.254,17.079,14.465,0.227,991.83,1
6.465,5.637,0.772,-1.446,1016.98,0
24.021,14.369,9.23,0.642,998.4,1
16.154,11.378,5.386,-2.507,991.41,1
35.0,17.167,15.0,2.898,981.36,1
34.051,16.594,15.0,1.227,994.94,1
3.316,4.513,0.381,-0.004,1013.65,0
3.321,5.252,0.679,-1.0,1020.12,0
2.113,5.703,0.459,-0.397,1023.2,0
2.848,5.953,0.266,0.542,1024.42,0
3.219,5.245,0.33,1.151,1025.32,0
22.863,17.395,8.251,0.696,989.89,1
16.885,13.258,5.07,-1.91,1003.33,1
7.69,8.567,0.949,0.113,1014.49,0
4.568,6.337,0.714,1.834,1014.72,0
10.0,5.608,1.33,-1.698,1027.28,0
0.798,4.427,0.076,0.238,1023.35,0
5.116,6.231,0.758,0.355,1023.15,0
13.953,12.051,3.972,0.39,984.36,1
14.704,12.825,3.928,0.756,991.35,1
2.947,5.207,0.348,0.475,1008.68,0
2.152,5.771,0.313,-0.236,1021.21,0
15.546,12.904,4.325,-2.268,1000.68,1
33.518,17.972,15.0,1.82,990.36,1
2.724,4.036,0.226,-1.323,1018.73,0
20.898,13.437,8.006,2.147,995.81,1
2.682,5.445,0.436,0.725,1014.29,0
4.215,6.971,0.583,0.419,1025.17,0
10.0,7.445,1.297,0.03,1014.5,0
23.549,13.473,9.187,1.873,992.96,1
27.486,17.124,11.473,0.055,1011.09,1
6.512,5.232,0.775,-1.214,1013.2,0
1.543,5.428,0.175,0.254,1017.59,0
21.685,13.225,7.644,-0.151,988.67,1
0.898,3.617,0.063,-1.294,1024.44,0
3.629,4.136,0.345,-0.471,1022.18,0
4.214,5.386,0.431,-0.722,1021.84,0
