altitude_km,vertical_extent_km,temperature_c,optical_thickness,cloud_type
2.152,2.758,6.032,4.96,Cumulus
1.48,2.211,8.541,5.442,Cumulus
2.375,3.137,11.261,4.696,Cumulus
2.47,2.186,9.693,4.59,Cumulus
1.024,2.182,8.048,5.092,Cumulus
1.349,2.771,7.977,3.079,Cumulus
2.064,2.881,7.863,5.477,Cumulus
1.842,2.724,7.361,4.999,Cumulus
1.992,1.657,16.845,5.04,Cumulus
1.573,2.769,10.893,5.961,Cumulus
2.44,1.983,12.66,3.047,Cumulus
2.389,2.618,8.533,3.026,Cumulus
2.033,1.788,9.442,5.274,Cumulus
2.564,2.723,7.859,4.993,Cumulus
2.234,2.097,2.045,5.17,Cumulus
1.57,1.859,5.866,4.538,Cumulus
2.184,2.857,4.568,5.664,Cumulus
1.521,2.621,3.251,5.933,Cumulus
2.439,2.193,6.414,5.484,Cumulus
1.975,3.226,13.975,4.739,Cumulus
1.908,2.28,9.867,2.892,Cumulus
1.66,2.516,13.872,5.769,Cumulus
2.611,2.634,11.233,6.222,Cumulus
1.923,2.19,12.348,5.645,Cumulus
1.786,2.736,7.297,4.12,Cumulus
1.824,2.233,11.572,5.674,Cumulus
2.266,2.294,12.186,5.861,Cumulus
2.183,3.181,8.27,6.559,Cumulus
2.206,1.98,11.679,4.124,Cumulus
2.215,1.294,11.699,4.774,Cumulus
3.071,3.305,8.351,5.747,Cumulus
1.797,3.775,6.632,5.057,Cumulus
1.744,2.297,6.448,3.883,Cumulus
1.593,1.532,10.26,5.415,Cumulus
2.308,2.345,10.981,5.579,Cumulus
2.564,2.357,7.622,5.088,Cumulus
1.943,2.405,10.08,5.22,Cumulus
1.58,1.943,11.712,4.741,Cumulus
1.588,2.79,11.855,6.478,Cumulus
2.325,2.762,14.656,4.099,Cumulus
2.372,1.753,13.831,4.413,Cumulus
2.272,2.85,6.996,5.011,Cumulus
1.667,3.526,15.051,5.879,Cumulus
2.116,2.586,8.407,3.503,Cumulus
2.058,2.331,13.135,3.69,Cumulus
2.109,2.429,10.204,2.962,Cumulus
2.436,2.808,8.764,5.033,Cumulus
2.112,1.635,4.577,3.882,Cumulus
2.339,2.582,9.485,4.615,Cumulus
2.034,2.305,5.322,5.661,Cumulus
2.145,3.424,12.902,4.358,Cumulus
2.316,2.413,14.55,5.231,Cumulus
1.271,3.334,7.609,4.701,Cumulus
1.84,1.948,10.906,5.672,Cumulus
1.765,2.794,7.824,5.475,Cumulus
1.681,2.66,8.115,4.308,Cumulus
1.862,2.065,12.323,4.831,Cumulus
2.747,2.589,9.884,6.044,Cumulus
1.567,3.106,15.219,5.393,Cumulus
2.484,2.338,8.553,3.603,Cumulus
1.159,1.654,12.998,5.656,Cumulus
1.833,2.491,10.292,3.915,Cumulus
2.081,2.049,12.387,6.413,Cumulus
2.293,2.329,8.659,6.024,Cumulus
2.356,2.459,9.851,5.29,Cumulus
2.397,1.647,9.654,5.157,Cumulus
1.826,1.692,7.492,4.791,Cumulus
1.769,2.741,11.986,5.679,Cumulus
2.429,2.239,11.951,4.629,Cumulus
1.904,1.218,11.781,5.236,Cumulus
1.362,2.892,14.611,5.872,Cumulus
1.433,2.636,14.348,4.438,Cumulus
1.54,2.143,8.875,4.384,Cumulus
2.249,1.842,11.119,3.806,Cumulus
2.071,2.918,8.129,3.936,Cumulus
2.345,2.675,10.07,3.172,Cumulus
1.786,3.691,8.201,5.73,Cumulus
2.079,2.71,14.86,6.809,Cumulus
2.313,2.694,11.091,6.425,Cumulus
1.845,2.417,9.346,3.374,Cumulus
2.228,2.908,13.581,5.725,Cumulus
1.669,2.813,3.488,6.422,Cumulus
1.818,3.126,3.958,4.543,Cumulus
1.809,2.239,12.388,5.101,Cumulus
1.402,2.282,10.181,2.992,Cumulus
2.243,2.26,10.751,5.267,Cumulus
1.765,2.895,6.021,3.936,Cumulus
2.006,3.249,9.93,5.2,Cumulus
2.24,2.271,16.011,3.439,Cumulus
2.223,2.288,12.473,5.543,Cumulus
2.333,2.657,10.509,6.025,Cumulus
1.951,2.377,8.683,4.217,Cumulus
1.788,2.976,8.816,3.863,Cumulus
1.96,1.374,3.612,2.844,Cumulus
1.156,2.087,10.773,4.734,Cumulus
1.276,2.109,12.536,4.418,Cumulus
1.339,1.34,5.273,3.449,Cumulus
1.501,2.018,8.016,5.453,Cumulus
2.2,2.042,6.528,4.55,Cumulus
1.547,2.399,7.104,3.924,Cumulus
1.811,3.056,10.16,4.445,Cumulus
2.65,2.377,3.747,6.071,Cumulus
1.822,1.985,11.843,5.603,Cumulus
2.369,2.472,12.262,4.87,Cumulus
1.533,3.025,9.247,5.619,Cumulus
1.897,2.012,2.558,3.839,Cumulus
1.525,2.045,7.011,5.032,Cumulus
1.83,2.779,13.699,5.147,Cumulus
2.42,2.389,1.666,4.53,Cumulus
1.136,2.824,8.957,5.435,Cumulus
2.217,2.493,6.46,4.22,Cumulus
2.119,2.851,12.414,5.51,Cumulus
1.703,1.982,7.975,5.552,Cumulus
1.277,2.494,11.212,2.083,Cumulus
2.036,2.395,11.696,6.19,Cumulus
1.735,1.892,15.509,1.952,Cumulus
2.116,1.718,9.391,4.384,Cumulus
2.011,2.843,11.128,6.025,Cumulus
2.801,2.325,5.545,4.683,Cumulus
1.88,1.989,13.571,3.534,Cumulus
1.488,2.452,7.718,3.906,Cumulus
2.09,3.064,8.318,6.027,Cumulus
2.11,1.36,9.933,3.078,Cumulus
2.68,1.752,5.311,6.129,Cumulus
2.418,2.039,10.686,4.945,Cumulus
2.178,3.231,12.902,3.808,Cumulus
2.732,2.641,10.879,4.417,Cumulus
1.406,2.884,5.233,3.983,Cumulus
1.68,1.93,9.629,5.866,Cumulus
1.537,1.94,12.226,5.732,Cumulus
1.805,2.724,4.366,3.281,Cumulus
1.312,2.529,6.776,4.596,Cumulus
2.318,2.774,12.63,4.137,Cumulus
1.889,2.406,10.81,6.294,Cumulus
1.265,2.639,11.236,3.65,Cumulus
1.492,2.579,15.578,6.604,Cumulus
2.157,2.889,11.406,4.967,Cumulus
2.419,2.904,11.974,3.838,Cumulus
2.998,1.69,18.132,4.323,Cumulus
3.457,1.376,9.359,4.198,Cumulus
2.207,3.001,7.606,3.725,Cumulus
1.505,3.094,11.283,5.095,Cumulus
0.934,1.99,11.317,3.772,Cumulus
2.134,1.57,8.42,2.82,Cumulus
1.594,2.55,6.903,4.62,Cumulus
1.792,2.965,16.93,3.197,Cumulus
1.694,3.399,10.981,4.248,Cumulus
1.93,2.758,7.803,4.091,Cumulus
2.533,2.314,12.748,4.129,Cumulus
2.079,2.053,9.673,7.001,Cumulus
1.921,2.506,9.241,5.056,Cumulus
1.482,2.35,11.687,5.245,Cumulus
1.163,1.992,6.124,3.224,Cumulus
1.757,3.524,11.058,4.346,Cumulus
1.973,3.393,15.739,5.215,Cumulus
2.884,3.068,11.399,3.975,Cumulus
2.065,2.04,8.871,5.908,Cumulus
2.491,2.928,8.479,3.797,Cumulus
1.75,2.82,8.769,4.714,Cumulus
1.408,2.721,9.238,4.414,Cumulus
1.517,3.125,8.867,5.164,Cumulus
1.637,2.818,12.749,4.36,Cumulus
3.064,2.87,4.8,4.729,Cumulus
1.589,2.818,12.586,4.764,Cumulus
2.419,2.67,8.861,4.266,Cumulus
1.549,1.608,11.131,5.485,Cumulus
2.466,2.542,6.619,5.238,Cumulus
2.192,2.222,13.986,4.911,Cumulus
1.922,1.86,13.737,4.57,Cumulus
1.98,3.341,12.879,5.797,Cumulus
1.673,3.364,5.456,4.764,Cumulus
2.223,3.18,12.487,4.693,Cumulus
1.773,2.628,11.215,5.105,Cumulus
1.387,3.175,5.184,6.697,Cumulus
1.361,2.506,9.927,3.66,Cumulus
2.086,2.601,11.094,5.77,Cumulus
2.79,1.953,11.668,3.107,Cumulus
2.08,2.698,10.532,5.217,Cumulus
1.941,2.53,10.874,6.575,Cumulus
2.143,1.849,14.421,5.489,Cumulus
2.653,2.474,13.678,5.171,Cumulus
2.11,2.46,1.399,4.44,Cumulus
1.795,3.399,9.048,5.031,Cumulus
2.553,2.947,9.506,4.748,Cumulus
2.214,2.506,4.744,4.214,Cumulus
2.768,2.624,10.283,4.71,Cumulus
2.092,2.522,13.746,5.198,Cumulus
1.388,2.399,6.74,4.233,Cumulus
1.316,1.959,11.009,4.194,Cumulus
2.825,2.424,7.253,3.64,Cumulus
2.862,2.127,7.984,5.391,Cumulus
1.91,1.875,14.432,5.545,Cumulus
1.808,2.756,8.372,5.232,Cumulus
2.731,2.696,11.387,5.965,Cumulus
1.446,1.607,4.386,5.088,Cumulus
1.553,2.439,15.587,5.392,Cumulus
2.322,2.998,11.808,5.304,Cumulus
1.803,3.03,9.453,4.908,Cumulus
1.997,3.013,11.727,4.469,Cumulus
1.918,2.519,5.771,7.214,Cumulus
2.169,2.077,13.548,4.548,Cumulus
2.704,1.958,9.028,4.334,Cumulus
2.045,2.672,9.388,5.434,Cumulus
2.322,2.69,8.525,5.252,Cumulus
0.975,3.144,8.258,3.595,Cumulus
1.976,3.05,12.084,6.123,Cumulus
1.578,2.434,10.768,4.906,Cumulus
1.391,1.878,11.955,3.889,Cumulus
1.561,2.34,9.974,6.189,Cumulus
1.833,2.609,11.54,5.626,Cumulus
2.458,2.399,8.743,3.735,Cumulus
1.337,2.211,16.689,6.777,Cumulus
2.015,2.626,5.296,5.659,Cumulus
1.758,2.248,13.783,4.99,Cumulus
1.836,2.186,14.104,6.59,Cumulus
2.501,2.656,7.444,5.159,Cumulus
2.269,2.299,16.688,4.972,Cumulus
2.669,2.622,12.986,4.34,Cumulus
1.923,2.637,12.913,5.582,Cumulus
1.652,1.93,10.084,5.477,Cumulus
1.888,2.259,9.348,5.015,Cumulus
2.121,3.219,9.372,4.21,Cumulus
2.088,1.919,11.172,5.13,Cumulus
1.458,1.442,14.204,4.93,Cumulus
2.045,1.569,10.544,3.667,Cumulus
2.114,2.515,7.266,3.528,Cumulus
3.259,2.515,12.473,5.565,Cumulus
2.938,2.441,12.763,2.398,Cumulus
1.573,3.107,11.964,5.205,Cumulus
1.856,1.164,12.236,4.522,Cumulus
1.268,2.698,9.187,6.308,Cumulus
1.705,3.281,7.213,4.507,Cumulus
2.158,1.936,7.395,5.659,Cumulus
2.603,2.31,5.094,4.603,Cumulus
1.635,2.124,10.711,5.114,Cumulus
1.673,2.053,9.75,5.737,Cumulus
0.926,2.337,8.68,4.537,Cumulus
1.919,3.214,1.133,5.997,Cumulus
1.469,3.419,6.258,4.006,Cumulus
1.735,2.332,13.363,5.295,Cumulus
1.562,3.453,8.006,5.923,Cumulus
1.953,2.518,11.082,5.66,Cumulus
1.121,3.377,5.828,6.916,Cumulus
1.266,2.453,14.316,4.237,Cumulus
3.065,2.566,9.568,3.621,Cumulus
1.356,2.683,10.87,4.006,Cumulus
1.452,4.089,16.977,5.66,Cumulus
2.918,2.926,14.549,5.498,Cumulus
3.453,2.146,9.08,5.102,Cumulus
1.414,2.984,8.22,3.877,Cumulus
1.816,2.319,9.023,5.767,Cumulus
2.171,2.255,11.53,3.775,Cumulus
2.864,2.954,9.684,6.159,Cumulus
1.507,2.516,8.814,7.857,Cumulus
1.877,2.639,14.402,5.366,Cumulus
2.389,2.507,9.657,5.583,Cumulus
2.217,2.668,16.899,4.507,Cumulus
1.812,2.712,10.272,3.19,Cumulus
1.933,1.532,15.356,4.397,Cumulus
1.313,2.833,11.072,3.907,Cumulus
1.881,2.009,12.889,3.553,Cumulus
1.867,1.779,7.826,6.722,Cumulus
2.116,2.471,7.439,5.273,Cumulus
1.722,2.542,11.379,5.38,Cumulus
2.236,2.153,12.966,4.691,Cumulus
2.506,2.916,10.121,4.827,Cumulus
2.078,1.829,6.141,5.965,Cumulus
2.176,2.297,5.919,4.968,Cumulus
2.027,2.208,5.719,5.531,Cumulus
2.0,2.477,4.697,4.804,Cumulus
1.639,2.639,10.328,4.658,Cumulus
2.158,1.996,13.375,3.593,Cumulus
1.951,2.862,9.96,3.022,Cumulus
3.047,2.532,3.219,4.738,Cumulus
2.787,1.554,9.428,5.056,Cumulus
2.193,1.521,9.512,3.714,Cumulus
1.618,2.494,16.288,4.966,Cumulus
1.444,2.39,5.629,5.054,Cumulus
2.596,2.448,8.828,2.844,Cumulus
2.131,2.486,15.118,4.085,Cumulus
2.24,2.613,11.35,5.407,Cumulus
1.128,2.974,11.69,5.387,Cumulus
2.464,1.944,10.344,3.846,Cumulus
2.227,1.914,10.99,5.158,Cumulus
1.445,1.953,12.333,6.022,Cumulus
1.764,2.644,7.572,5.777,Cumulus
2.132,3.122,12.634,4.905,Cumulus
2.026,2.284,5.881,4.532,Cumulus
1.854,1.249,10.985,4.371,Cumulus
1.948,1.648,10.536,5.468,Cumulus
1.874,2.083,8.151,5.195,Cumulus
2.076,2.221,9.932,5.629,Cumulus
2.736,2.296,8.132,5.132,Cumulus
0.717,2.519,6.785,5.819,Cumulus
1.882,2.344,8.939,5.095,Cumulus
2.088,3.025,6.688,5.785,Cumulus
2.148,2.162,10.968,5.871,Cumulus
1.814,2.069,6.55,4.195,Cumulus
1.122,2.739,12.136,3.192,Cumulus
2.164,1.732,6.456,6.543,Cumulus
2.864,2.695,8.301,5.257,Cumulus
1.233,2.551,8.126,3.286,Cumulus
2.432,2.426,13.975,4.286,Cumulus
1.836,3.294,10.991,5.772,Cumulus
1.969,2.189,9.365,4.72,Cumulus
1.474,3.53,11.496,4.488,Cumulus
1.833,2.387,3.678,6.401,Cumulus
2.65,1.861,9.871,3.953,Cumulus
2.291,2.535,15.993,4.202,Cumulus
2.866,1.962,10.397,5.211,Cumulus
2.589,2.124,10.204,5.39,Cumulus
2.22,2.699,11.644,5.496,Cumulus
2.872,2.778,12.687,5.911,Cumulus
2.219,2.189,4.008,5.199,Cumulus
2.414,2.994,4.953,5.489,Cumulus
1.852,3.079,10.631,4.741,Cumulus
2.033,3.218,7.855,5.063,Cumulus
1.651,2.765,13.936,5.108,Cumulus
2.495,3.182,9.054,5.215,Cumulus
1.411,1.56,4.196,5.773,Cumulus
2.391,2.341,6.196,5.555,Cumulus
1.905,2.066,1.751,5.044,Cumulus
2.586,2.56,9.298,4.191,Cumulus
2.375,2.214,9.435,5.068,Cumulus
2.91,2.417,8.727,4.972,Cumulus
2.365,3.441,13.237,5.193,Cumulus
1.214,2.415,13.596,7.207,Cumulus
1.967,2.707,9.489,4.476,Cumulus
1.414,2.384,3.596,5.422,Cumulus
1.741,2.538,11.852,6.068,Cumulus
2.756,2.503,11.666,5.098,Cumulus
2.319,2.724,10.928,7.338,Cumulus
1.651,3.083,12.944,4.622,Cumulus
1.493,3.324,6.506,5.324,Cumulus
2.016,2.655,16.026,4.201,Cumulus
1.392,2.795,7.122,4.648,Cumulus
1.664,1.925,12.248,5.249,Cumulus
2.156,2.456,4.938,5.846,Cumulus
2.578,2.97,7.209,5.319,Cumulus
2.304,2.933,14.549,6.259,Cumulus
0.854,2.606,9.217,4.905,Cumulus
2.152,2.943,12.52,4.668,Cumulus
2.036,2.745,10.711,7.704,Cumulus
2.207,3.1,9.685,5.394,Cumulus
2.808,2.645,14.092,4.281,Cumulus
0.968,2.322,9.29,4.306,Cumulus
1.704,2.668,4.658,4.057,Cumulus
2.295,1.035,7.59,5.937,Cumulus
1.209,2.691,11.654,4.636,Cumulus
2.738,0.676,11.187,5.127,Cumulus
2.184,1.638,5.299,4.936,Cumulus
2.423,2.726,7.827,5.731,Cumulus
1.715,2.739,8.255,4.153,Cumulus
2.407,1.919,8.904,3.924,Cumulus
2.534,2.144,5.872,5.224,Cumulus
2.116,3.185,8.115,5.601,Cumulus
2.117,2.258,7.814,5.333,Cumulus
2.135,3.621,12.315,4.191,Cumulus
1.568,2.499,12.427,5.677,Cumulus
1.926,2.704,9.563,4.256,Cumulus
1.924,3.308,8.824,4.478,Cumulus
2.192,2.566,10.42,4.056,Cumulus
2.5,1.999,7.55,6.301,Cumulus
1.471,2.445,6.56,5.633,Cumulus
1.937,2.482,7.179,5.605,Cumulus
2.741,1.818,8.096,6.247,Cumulus
1.628,2.372,6.51,7.813,Cumulus
1.589,2.129,10.486,3.291,Cumulus
2.101,2.962,12.189,4.262,Cumulus
2.422,2.517,5.239,4.384,Cumulus
2.006,2.359,10.075,4.149,Cumulus
2.664,2.447,9.34,3.922,Cumulus
2.428,2.612,11.025,4.7,Cumulus
2.421,2.808,9.961,3.783,Cumulus
2.277,2.0,5.639,5.335,Cumulus
3.164,1.979,6.213,5.052,Cumulus
1.897,3.052,10.088,5.481,Cumulus
0.998,2.294,13.086,5.508,Cumulus
2.802,1.792,3.357,5.603,Cumulus
1.771,2.722,11.037,4.627,Cumulus
2.054,2.732,13.569,7.121,Cumulus
2.655,1.735,9.541,5.234,Cumulus
1.199,2.615,11.651,3.138,Cumulus
1.374,2.868,7.891,3.998,Cumulus
1.199,2.687,9.642,3.259,Cumulus
1.603,2.816,5.137,5.017,Cumulus
2.22,1.798,2.967,4.878,Cumulus
2.262,2.666,12.828,4.532,Cumulus
2.138,2.349,7.045,7.011,Cumulus
1.294,2.259,8.633,5.549,Cumulus
0.845,2.935,5.841,5.726,Cumulus
2.027,3.24,5.77,4.069,Cumulus
1.764,3.397,9.478,4.001,Cumulus
2.23,3.157,7.811,5.037,Cumulus
2.351,2.445,11.134,5.173,Cumulus
2.069,2.676,11.358,3.144,Cumulus
2.38,2.883,10.963,4.82,Cumulus
2.115,2.561,10.716,5.014,Cumulus
2.265,2.565,14.733,4.785,Cumulus
1.648,2.912,6.797,4.187,Cumulus
1.91,2.47,9.835,4.46,Cumulus
2.098,2.135,13.398,4.823,Cumulus
2.41,2.293,13.794,5.091,Cumulus
1.803,2.817,5.735,5.605,Cumulus
2.261,2.501,9.063,6.081,Cumulus
1.867,2.67,14.074,4.706,Cumulus
1.941,2.835,11.524,4.544,Cumulus
2.415,2.313,10.586,5.438,Cumulus
1.003,2.878,9.347,5.611,Cumulus
1.352,2.689,8.849,4.566,Cumulus
1.259,1.883,10.865,5.79,Cumulus
0.833,3.221,9.243,5.98,Cumulus
1.661,2.25,9.872,6.292,Cumulus
2.375,1.672,10.236,6.778,Cumulus
1.858,1.977,7.966,4.134,Cumulus
2.099,1.989,11.596,5.014,Cumulus
2.545,2.526,18.743,5.011,Cumulus
2.664,2.363,4.669,4.902,Cumulus
1.965,2.332,10.972,4.351,Cumulus
2.677,2.81,7.719,3.514,Cumulus
2.046,2.67,11.732,5.093,Cumulus
1.581,2.658,10.14,4.232,Cumulus
1.703,2.705,12.286,5.086,Cumulus
1.26,2.808,13.527,4.206,Cumulus
1.556,1.446,10.577,3.9,Cumulus
1.821,2.318,13.396,5.234,Cumulus
2.402,1.41,2.967,5.151,Cumulus
2.86,2.518,14.771,5.579,Cumulus
1.309,2.498,11.125,7.186,Cumulus
2.196,3.023,13.234,5.277,Cumulus
1.48,3.094,6.34,5.485,Cumulus
2.237,2.601,7.508,3.922,Cumulus
1.934,2.25,10.438,3.713,Cumulus
1.085,2.743,9.949,6.583,Cumulus
2.464,2.236,10.849,4.077,Cumulus
1.697,2.499,13.254,3.956,Cumulus
1.733,2.993,4.704,4.961,Cumulus
1.465,2.221,12.921,4.91,Cumulus
1.673,2.903,10.025,4.097,Cumulus
2.214,2.839,9.389,4.695,Cumulus
1.905,2.023,5.587,6.229,Cumulus
2.164,2.987,11.509,4.194,Cumulus
2.181,2.849,2.758,3.606,Cumulus
2.66,2.551,11.945,5.943,Cumulus
1.829,2.119,5.524,5.492,Cumulus
1.262,2.07,10.16,4.379,Cumulus
2.534,2.231,9.642,3.418,Cumulus
1.834,2.771,13.509,4.255,Cumulus
2.557,2.022,9.464,4.945,Cumulus
2.192,2.719,7.918,6.166,Cumulus
1.934,1.879,8.48,3.963,Cumulus
2.174,2.398,13.819,4.915,Cumulus
2.976,2.555,11.609,5.675,Cumulus
3.038,3.723,8.843,2.619,Cumulus
2.035,1.811,9.291,6.034,Cumulus
2.08,3.236,5.298,3.818,Cumulus
2.538,2.575,11.165,5.332,Cumulus
1.577,2.706,4.721,5.247,Cumulus
2.167,2.559,12.255,6.085,Cumulus
1.987,2.722,10.386,5.551,Cumulus
2.157,2.423,17.161,2.623,Cumulus
1.583,3.227,6.7,4.215,Cumulus
1.205,2.272,9.692,5.138,Cumulus
0.964,3.066,15.395,4.805,Cumulus
1.441,2.178,13.574,5.478,Cumulus
1.771,2.47,7.911,5.789,Cumulus
1.853,1.964,10.672,5.608,Cumulus
2.969,2.728,10.006,4.786,Cumulus
2.553,3.223,10.846,3.154,Cumulus
1.519,2.461,7.904,4.545,Cumulus
2.174,2.402,9.732,5.416,Cumulus
1.796,1.943,5.206,3.91,Cumulus
1.858,2.385,10.405,5.631,Cumulus
2.093,1.704,11.35,5.908,Cumulus
2.31,2.044,9.318,5.127,Cumulus
1.83,2.613,5.155,1.936,Cumulus
2.532,3.16,12.966,3.722,Cumulus
1.429,3.905,11.094,6.886,Cumulus
2.003,2.207,7.822,4.453,Cumulus
3.299,3.218,9.158,3.016,Cumulus
2.112,2.622,5.498,6.235,Cumulus
2.717,2.424,6.924,5.013,Cumulus
2.046,2.716,8.387,6.105,Cumulus
2.29,2.531,13.685,5.277,Cumulus
1.972,2.555,8.081,5.459,Cumulus
1.915,2.296,11.921,5.363,Cumulus
1.61,1.801,8.385,5.697,Cumulus
2.215,1.728,10.744,7.277,Cumulus
1.574,2.827,9.576,5.971,Cumulus
2.333,2.362,12.619,3.42,Cumulus
2.543,2.202,8.396,5.447,Cumulus
2.183,2.504,5.282,6.141,Cumulus
1.857,2.897,5.854,6.203,Cumulus
2.227,2.59,8.404,4.573,Cumulus
1.846,2.172,6.253,6.165,Cumulus
2.468,3.113,11.231,5.928,Cumulus
1.084,3.29,8.603,7.573,Cumulus
1.832,2.747,17.124,4.25,Cumulus
1.005,2.987,4.787,4.493,Cumulus
1.252,3.121,10.611,4.694,Cumulus
2.682,3.065,6.616,4.51,Cumulus
2.448,2.807,8.52,4.11,Cumulus
1.64,2.799,10.424,2.237,Cumulus
1.249,2.76,3.024,4.565,Cumulus
0.518,1.951,10.71,5.369,Cumulus
1.728,2.85,15.709,4.507,Cumulus
3.21,1.822,8.64,6.935,Cumulus
2.217,2.103,10.779,5.013,Cumulus
1.72,3.152,13.075,6.291,Cumulus
2.233,2.92,9.508,5.261,Cumulus
1.22,3.244,8.257,5.826,Cumulus
1.851,2.364,3.173,5.279,Cumulus
2.05,1.924,11.923,6.369,Cumulus
1.957,2.38,9.66,5.056,Cumulus
2.395,2.551,6.962,5.496,Cumulus
2.172,2.539,10.38,5.366,Cumulus
2.334,3.067,8.249,4.712,Cumulus
1.656,2.319,8.415,5.405,Cumulus
2.449,2.676,11.819,7.234,Cumulus
2.814,2.006,5.985,4.73,Cumulus
1.515,2.725,13.142,5.419,Cumulus
1.556,2.502,5.807,6.258,Cumulus
2.668,2.125,8.012,6.14,Cumulus
1.904,2.382,15.769,5.012,Cumulus
2.702,2.408,13.382,2.617,Cumulus
1.779,2.365,10.293,5.517,Cumulus
2.728,3.386,7.178,2.781,Cumulus
2.066,2.451,8.412,6.47,Cumulus
2.129,2.378,10.22,5.169,Cumulus
2.782,1.451,10.113,6.0,Cumulus
1.819,2.053,9.727,4.098,Cumulus
1.529,2.368,9.908,3.447,Cumulus
1.776,2.157,9.357,5.261,Cumulus
2.226,3.191,5.674,4.966,Cumulus
1.217,2.418,8.45,4.508,Cumulus
2.319,3.144,12.744,5.085,Cumulus
1.731,2.531,5.895,7.767,Cumulus
2.574,2.519,9.431,5.835,Cumulus
0.803,2.456,7.541,6.049,Cumulus
1.607,2.502,10.334,5.844,Cumulus
1.157,3.359,8.834,6.479,Cumulus
1.587,1.34,14.432,4.81,Cumulus
2.124,1.499,11.52,2.945,Cumulus
1.91,2.228,6.065,4.811,Cumulus
1.873,2.507,12.014,5.812,Cumulus
1.92,2.845,7.676,4.03,Cumulus
2.102,2.737,8.269,4.824,Cumulus
1.496,2.308,10.941,4.308,Cumulus
2.353,3.01,8.525,6.502,Cumulus
2.331,3.015,12.679,5.749,Cumulus
2.193,2.592,7.676,5.652,Cumulus
2.278,2.981,8.143,5.622,Cumulus
2.148,2.636,8.031,4.963,Cumulus
3.018,2.219,8.303,5.198,Cumulus
1.956,2.849,13.298,3.815,Cumulus
1.846,2.555,11.886,2.814,Cumulus
1.623,2.501,15.13,5.15,Cumulus
1.484,3.236,16.803,5.324,Cumulus
1.378,1.275,6.908,6.209,Cumulus
1.556,1.791,10.211,6.571,Cumulus
1.965,1.906,6.471,6.57,Cumulus
2.167,2.318,7.667,4.002,Cumulus
2.026,2.373,8.11,4.648,Cumulus
1.617,1.746,6.829,5.48,Cumulus
2.45,2.007,6.844,7.532,Cumulus
2.37,2.07,9.567,6.48,Cumulus
1.92,3.729,6.35,6.119,Cumulus
1.674,3.401,12.526,4.612,Cumulus
2.274,2.294,7.247,4.117,Cumulus
2.094,2.318,18.429,5.789,Cumulus
1.276,1.925,8.646,3.899,Cumulus
1.966,1.546,10.216,4.762,Cumulus
2.131,2.442,6.114,4.885,Cumulus
1.55,2.001,15.118,6.593,Cumulus
2.095,2.458,13.359,4.645,Cumulus
1.273,1.7,10.891,2.561,Cumulus
2.668,2.119,5.96,5.504,Cumulus
2.624,2.574,10.632,4.301,Cumulus
1.874,2.683,6.636,5.043,Cumulus
2.182,2.709,14.387,4.913,Cumulus
0.795,1.84,12.428,4.726,Cumulus
1.422,2.927,10.286,5.79,Cumulus
1.853,2.1,2.691,3.467,Cumulus
1.464,2.816,7.05,4.483,Cumulus
2.357,2.495,12.063,5.684,Cumulus
2.999,1.812,13.639,4.386,Cumulus
1.412,2.342,13.328,3.391,Cumulus
1.581,2.683,5.224,5.669,Cumulus
2.118,2.806,10.905,6.123,Cumulus
2.806,2.43,13.047,4.955,Cumulus
1.389,3.266,5.025,3.039,Cumulus
2.125,3.004,9.976,5.706,Cumulus
2.911,2.372,10.822,3.34,Cumulus
1.174,2.875,9.098,5.309,Cumulus
1.359,3.467,4.444,4.113,Cumulus
1.788,3.48,9.023,3.84,Cumulus
1.74,1.886,9.018,4.558,Cumulus
2.406,2.037,9.556,4.817,Cumulus
2.121,3.242,8.31,4.356,Cumulus
1.113,1.971,8.671,5.589,Cumulus
0.866,1.175,9.936,7.853,Stratus
1.294,1.006,12.836,6.909,Stratus
1.084,1.39,5.221,8.932,Stratus
0.791,0.336,10.916,10.196,Stratus
0.74,0.72,8.14,9.612,Stratus
0.506,0.661,9.612,8.294,Stratus
1.087,0.208,4.704,8.507,Stratus
0.894,1.118,10.936,9.21,Stratus
0.288,0.719,9.573,9.398,Stratus
0.839,1.022,7.922,8.225,Stratus
0.73,1.508,9.29,8.527,Stratus
1.473,0.694,6.469,8.74,Stratus
0.489,0.674,6.841,8.943,Stratus
0.568,0.836,7.073,8.394,Stratus
1.333,1.096,4.295,8.404,Stratus
1.407,0.63,9.724,9.604,Stratus
0.777,0.611,10.383,9.468,Stratus
0.81,1.117,6.597,8.882,Stratus
1.185,0.914,8.696,9.875,Stratus
0.302,0.187,7.469,8.191,Stratus
0.442,0.432,8.657,9.798,Stratus
0.916,1.25,6.745,8.934,Stratus
1.465,0.921,6.233,11.117,Stratus
0.869,0.571,10.104,7.546,Stratus
1.03,0.749,7.872,7.949,Stratus
1.34,0.804,12.044,8.835,Stratus
1.632,1.021,8.093,8.818,Stratus
0.827,0.393,6.148,10.06,Stratus
0.995,0.548,10.454,7.965,Stratus
1.547,0.882,9.262,9.224,Stratus
0.543,0.77,9.454,9.43,Stratus
1.308,0.972,10.381,9.064,Stratus
0.695,0.431,6.694,7.731,Stratus
1.031,0.907,7.745,9.626,Stratus
0.927,1.127,7.657,9.483,Stratus
0.713,0.946,5.419,8.98,Stratus
0.705,0.842,7.473,8.663,Stratus
1.083,0.771,10.673,8.681,Stratus
1.299,0.55,8.475,8.437,Stratus
0.961,0.778,5.308,9.013,Stratus
1.021,1.178,4.888,8.525,Stratus
1.171,0.764,11.33,7.821,Stratus
0.709,0.533,7.819,7.661,Stratus
1.222,0.652,6.705,7.898,Stratus
1.246,0.86,7.452,8.678,Stratus
1.781,0.688,5.045,8.478,Stratus
0.887,0.946,10.846,8.672,Stratus
0.863,0.957,7.214,8.901,Stratus
1.231,1.067,10.735,7.998,Stratus
1.246,1.227,8.103,9.673,Stratus
0.839,1.099,10.859,8.286,Stratus
0.879,0.52,8.513,8.153,Stratus
1.162,0.529,9.706,8.886,Stratus
0.752,0.777,9.438,7.031,Stratus
0.877,0.665,9.247,7.868,Stratus
1.027,0.459,8.696,9.285,Stratus
1.299,0.667,7.534,7.11,Stratus
0.819,0.658,11.831,9.394,Stratus
0.447,0.598,6.186,9.709,Stratus
0.425,0.705,8.009,8.204,Stratus
0.622,1.154,8.03,8.733,Stratus
0.606,0.86,8.805,9.395,Stratus
0.954,1.542,7.141,8.127,Stratus
0.643,0.851,8.629,9.194,Stratus
0.789,0.713,7.662,7.963,Stratus
0.768,0.801,4.836,8.118,Stratus
0.868,0.877,8.019,7.861,Stratus
1.397,0.931,5.799,8.774,Stratus
1.199,1.423,4.531,9.426,Stratus
1.005,0.546,8.274,8.353,Stratus
0.862,1.058,8.976,7.483,Stratus
0.87,0.862,9.053,7.634,Stratus
1.098,0.329,9.134,8.816,Stratus
1.175,1.031,4.135,9.975,Stratus
0.728,1.18,5.278,8.815,Stratus
1.011,0.543,11.947,8.19,Stratus
0.391,0.797,5.906,9.113,Stratus
1.064,0.282,9.222,8.308,Stratus
1.229,0.422,6.626,8.197,Stratus
0.916,1.114,8.159,7.733,Stratus
1.545,0.66,6.733,9.627,Stratus
0.736,0.467,9.123,6.469,Stratus
1.065,0.869,8.274,9.138,Stratus
0.989,0.643,7.103,8.129,Stratus
0.97,0.659,5.9,8.172,Stratus
0.966,1.022,8.536,9.854,Stratus
1.032,0.451,5.575,7.929,Stratus
1.254,0.528,8.855,7.956,Stratus
1.413,0.846,13.253,8.396,Stratus
0.999,1.091,10.7,8.831,Stratus
1.245,1.171,9.437,8.147,Stratus
0.789,0.6,7.829,7.241,Stratus
1.23,1.081,4.122,7.807,Stratus
0.771,0.565,5.355,9.525,Stratus
1.327,1.348,10.566,8.56,Stratus
1.663,0.46,6.42,8.861,Stratus
0.963,1.199,6.601,8.291,Stratus
0.342,0.603,7.669,7.972,Stratus
0.836,1.404,5.876,9.842,Stratus
1.37,0.977,5.546,8.349,Stratus
1.166,0.495,7.899,8.145,Stratus
1.075,0.643,6.217,9.377,Stratus
1.303,1.034,6.518,7.922,Stratus
1.145,1.116,6.438,8.024,Stratus
1.365,0.779,9.045,8.508,Stratus
1.276,0.813,7.536,8.5,Stratus
1.457,1.028,7.643,8.708,Stratus
1.108,0.84,9.194,10.173,Stratus
1.272,0.412,7.716,8.769,Stratus
0.908,0.556,7.443,6.598,Stratus
0.82,0.871,8.941,8.761,Stratus
1.512,1.165,9.336,8.53,Stratus
1.065,1.285,7.706,8.535,Stratus
1.241,1.034,8.161,8.697,Stratus
1.037,0.886,6.436,8.477,Stratus
0.824,1.025,6.279,8.458,Stratus
1.003,0.6,9.538,8.99,Stratus
1.431,0.754,8.89,8.066,Stratus
1.167,0.553,8.911,7.742,Stratus
0.487,0.425,8.562,10.919,Stratus
0.935,0.9,8.092,7.927,Stratus
1.535,0.856,9.393,8.58,Stratus
0.936,1.006,9.87,7.303,Stratus
0.46,0.964,9.822,8.593,Stratus
1.568,0.873,7.798,7.753,Stratus
1.205,0.967,10.774,8.146,Stratus
0.979,0.787,8.457,9.336,Stratus
0.889,0.924,9.265,8.878,Stratus
1.325,0.582,8.564,8.955,Stratus
0.837,0.911,8.494,7.083,Stratus
1.344,1.001,6.528,9.97,Stratus
1.163,0.599,9.403,7.546,Stratus
1.073,0.816,13.691,9.723,Stratus
1.044,0.613,7.25,9.317,Stratus
0.948,0.642,8.142,8.962,Stratus
1.314,0.463,7.108,7.816,Stratus
0.74,1.18,7.024,8.621,Stratus
0.513,1.12,11.089,8.123,Stratus
1.184,0.961,6.654,8.523,Stratus
1.189,1.392,7.052,8.3,Stratus
1.144,0.743,4.825,6.869,Stratus
1.122,1.71,6.485,9.397,Stratus
0.904,0.732,4.583,8.435,Stratus
1.236,0.877,9.264,8.112,Stratus
0.986,0.681,13.599,8.052,Stratus
0.854,0.912,7.267,8.787,Stratus
0.906,1.051,4.666,7.785,Stratus
1.606,0.766,9.8,6.696,Stratus
0.48,1.333,6.546,8.826,Stratus
1.15,0.872,10.599,8.915,Stratus
0.496,0.881,7.436,8.34,Stratus
0.968,0.527,6.736,7.582,Stratus
0.87,0.926,7.644,8.571,Stratus
0.374,0.76,9.516,7.328,Stratus
1.117,0.618,7.545,7.678,Stratus
0.886,0.567,7.007,7.899,Stratus
0.37,1.602,7.602,9.175,Stratus
1.252,0.721,5.456,8.21,Stratus
1.431,0.363,8.794,8.142,Stratus
1.447,0.591,4.427,10.064,Stratus
1.108,0.785,7.112,8.782,Stratus
1.014,0.964,9.519,8.771,Stratus
1.398,0.966,8.606,8.204,Stratus
1.505,1.003,9.181,8.023,Stratus
1.34,0.607,7.87,6.751,Stratus
0.718,0.902,10.339,9.275,Stratus
1.06,0.537,9.849,8.859,Stratus
1.132,0.614,8.892,8.357,Stratus
0.457,0.525,9.855,8.39,Stratus
1.141,0.443,9.501,9.089,Stratus
1.682,1.119,7.121,7.256,Stratus
1.192,1.007,5.312,8.028,Stratus
1.442,1.093,8.841,7.591,Stratus
1.055,0.812,9.092,9.917,Stratus
0.978,1.033,10.181,9.201,Stratus
1.114,0.272,6.127,6.738,Stratus
0.755,1.059,6.187,7.289,Stratus
0.711,0.853,8.92,8.394,Stratus
1.38,0.988,7.858,8.122,Stratus
1.412,0.914,4.228,7.44,Stratus
0.703,0.504,8.75,10.056,Stratus
1.29,0.351,4.295,8.75,Stratus
0.974,0.586,6.109,8.88,Stratus
1.102,0.969,10.703,7.946,Stratus
1.138,1.007,11.65,9.078,Stratus
1.298,0.39,5.569,8.196,Stratus
1.025,0.506,7.341,8.273,Stratus
1.423,0.583,8.085,8.989,Stratus
1.093,0.693,11.562,7.197,Stratus
1.187,0.391,7.014,9.778,Stratus
0.75,0.373,7.046,8.646,Stratus
1.648,0.553,11.097,9.525,Stratus
1.141,0.826,7.25,7.64,Stratus
1.214,0.446,9.444,7.761,Stratus
0.518,0.765,5.046,7.57,Stratus
0.753,1.118,7.658,8.7,Stratus
1.371,0.409,4.681,8.553,Stratus
1.086,0.738,5.889,8.128,Stratus
0.426,1.107,9.678,7.689,Stratus
1.311,0.675,7.9,7.487,Stratus
0.837,0.628,7.362,8.461,Stratus
1.423,1.149,6.503,8.128,Stratus
0.974,0.708,7.559,7.952,Stratus
1.061,1.131,8.602,9.738,Stratus
1.354,0.929,9.966,8.434,Stratus
0.731,0.697,2.75,9.516,Stratus
0.702,0.944,6.336,8.073,Stratus
0.941,0.896,8.318,8.696,Stratus
1.248,1.106,7.802,8.456,Stratus
0.601,0.635,8.807,7.142,Stratus
0.5,0.812,8.535,9.643,Stratus
1.247,0.782,7.39,8.392,Stratus
0.819,1.011,6.946,9.097,Stratus
0.882,0.492,7.509,7.898,Stratus
0.443,1.105,10.297,8.368,Stratus
0.796,0.94,6.536,7.807,Stratus
0.998,0.405,7.874,9.489,Stratus
1.279,1.162,8.367,8.749,Stratus
0.769,1.47,11.121,8.794,Stratus
1.497,1.101,7.399,9.587,Stratus
0.795,1.228,9.918,9.425,Stratus
0.795,0.826,10.464,9.112,Stratus
1.461,0.302,7.872,7.363,Stratus
1.063,0.247,7.579,7.943,Stratus
0.834,0.877,7.342,7.697,Stratus
0.953,0.622,7.488,9.082,Stratus
1.406,0.526,9.708,8.637,Stratus
1.44,0.781,8.462,7.388,Stratus
0.755,0.985,8.471,8.349,Stratus
0.987,0.364,5.75,7.305,Stratus
1.027,0.665,6.065,8.457,Stratus
0.704,1.253,12.287,7.176,Stratus
0.983,0.477,7.644,8.923,Stratus
1.002,1.061,6.45,8.802,Stratus
1.342,0.655,10.862,10.026,Stratus
1.362,0.964,8.564,9.178,Stratus
0.901,1.129,9.156,8.162,Stratus
0.936,1.022,7.724,9.154,Stratus
1.199,1.073,7.363,7.382,Stratus
0.824,0.455,7.661,7.73,Stratus
1.177,1.134,5.235,8.767,Stratus
0.974,0.544,7.824,6.773,Stratus
0.709,0.878,8.592,8.47,Stratus
0.713,0.877,11.701,7.684,Stratus
1.434,0.946,8.172,8.581,Stratus
0.953,0.901,3.332,7.638,Stratus
1.492,0.547,7.812,8.839,Stratus
0.846,0.395,13.479,8.515,Stratus
1.087,1.062,9.733,9.62,Stratus
1.718,0.856,6.378,8.505,Stratus
0.683,1.145,9.182,7.885,Stratus
0.431,0.787,6.516,8.302,Stratus
1.386,0.378,5.292,7.425,Stratus
0.752,1.09,7.303,8.825,Stratus
0.994,0.689,8.183,8.972,Stratus
0.824,0.903,4.256,10.475,Stratus
1.08,0.606,5.702,8.003,Stratus
0.715,1.293,8.021,8.286,Stratus
0.946,0.537,7.184,8.039,Stratus
1.135,0.699,8.79,8.67,Stratus
0.698,0.832,5.571,8.805,Stratus
0.79,0.472,9.428,8.457,Stratus
0.896,0.899,5.632,9.369,Stratus
0.571,1.284,11.285,8.006,Stratus
0.873,0.653,4.568,9.289,Stratus
1.036,0.919,5.815,8.931,Stratus
0.88,-0.025,8.835,8.49,Stratus
0.919,0.788,11.328,8.248,Stratus
0.994,0.706,8.63,10.441,Stratus
0.803,0.554,9.126,7.846,Stratus
1.207,1.124,8.035,8.738,Stratus
1.431,0.702,5.947,7.9,Stratus
0.861,0.747,7.02,9.928,Stratus
1.146,0.687,5.576,9.209,Stratus
0.928,0.225,5.443,7.957,Stratus
1.11,0.46,8.803,8.91,Stratus
1.47,1.088,5.754,8.706,Stratus
1.153,0.167,8.639,8.087,Stratus
0.468,0.57,5.396,9.107,Stratus
1.136,0.68,8.593,8.811,Stratus
1.37,1.323,7.023,8.673,Stratus
0.934,1.031,10.813,8.466,Stratus
1.299,0.633,8.647,8.845,Stratus
0.793,1.191,10.472,8.684,Stratus
0.554,0.578,6.489,8.547,Stratus
1.042,1.103,8.112,7.987,Stratus
0.473,0.392,6.038,9.855,Stratus
0.928,1.122,7.173,7.66,Stratus
1.386,0.678,7.476,8.842,Stratus
0.427,0.491,6.548,8.244,Stratus
0.616,0.735,5.569,9.908,Stratus
0.69,0.883,5.173,7.777,Stratus
0.981,0.652,3.321,7.912,Stratus
0.89,0.966,5.887,7.724,Stratus
1.42,0.625,9.255,8.759,Stratus
1.286,0.986,4.803,7.402,Stratus
1.149,0.933,5.264,8.117,Stratus
1.044,0.782,11.582,6.778,Stratus
1.118,0.668,6.727,8.692,Stratus
0.741,0.845,8.642,8.1,Stratus
1.257,0.965,9.285,7.31,Stratus
0.666,1.419,9.325,9.368,Stratus
1.251,1.082,4.955,7.454,Stratus
1.356,1.093,7.538,9.138,Stratus
1.063,1.727,4.764,7.939,Stratus
0.947,0.955,12.893,9.781,Stratus
1.12,0.945,4.81,9.1,Stratus
0.142,1.011,5.904,7.694,Stratus
1.091,0.497,5.919,7.766,Stratus
0.966,0.667,5.007,8.984,Stratus
0.985,0.648,10.705,8.29,Stratus
1.212,0.994,12.845,8.365,Stratus
0.978,0.748,7.049,9.518,Stratus
0.658,0.841,5.359,7.901,Stratus
0.958,1.126,3.526,8.573,Stratus
1.02,1.059,7.512,9.264,Stratus
1.034,0.751,7.367,9.147,Stratus
1.049,0.599,6.697,8.372,Stratus
1.312,1.141,8.443,8.269,Stratus
0.674,1.032,8.79,7.109,Stratus
1.053,0.318,8.646,7.655,Stratus
1.387,0.706,7.368,8.755,Stratus
0.48,0.85,5.797,8.39,Stratus
1.054,1.034,9.332,8.56,Stratus
0.824,1.073,8.025,9.331,Stratus
0.889,0.885,9.777,7.55,Stratus
0.729,0.976,9.58,8.311,Stratus
0.949,0.819,5.156,8.651,Stratus
1.552,0.598,5.132,7.937,Stratus
0.621,0.722,6.489,9.645,Stratus
0.649,0.806,5.887,9.227,Stratus
0.609,0.79,9.511,8.732,Stratus
1.518,0.234,8.703,9.935,Stratus
0.861,0.681,10.198,7.301,Stratus
0.992,0.817,8.793,8.494,Stratus
0.879,0.716,8.417,8.793,Stratus
0.717,0.726,10.399,7.768,Stratus
0.929,0.946,8.939,8.741,Stratus
1.737,0.476,8.136,7.615,Stratus
1.418,0.312,10.961,9.052,Stratus
0.744,0.696,8.23,9.346,Stratus
1.194,1.029,7.391,8.718,Stratus
0.751,1.306,6.324,7.018,Stratus
0.467,1.035,9.406,7.727,Stratus
1.306,0.36,10.474,8.952,Stratus
1.348,0.73,7.899,8.517,Stratus
1.314,0.877,10.616,6.345,Stratus
0.859,0.853,4.06,9.494,Stratus
0.95,0.962,7.889,8.609,Stratus
1.225,0.525,7.92,7.845,Stratus
1.117,0.819,6.546,9.296,Stratus
0.882,0.926,12.768,7.958,Stratus
0.514,1.048,7.868,7.949,Stratus
1.034,0.558,7.185,8.787,Stratus
1.324,0.696,8.052,9.925,Stratus
0.641,-0.011,3.994,9.799,Stratus
1.192,0.614,6.48,8.788,Stratus
1.099,0.643,9.966,8.87,Stratus
1.225,0.494,6.742,9.133,Stratus
1.262,0.85,6.342,7.494,Stratus
0.792,0.783,10.619,9.015,Stratus
0.515,0.122,10.681,7.913,Stratus
0.84,0.865,9.034,8.755,Stratus
1.267,0.522,7.09,8.318,Stratus
0.837,0.946,7.521,8.901,Stratus
0.792,0.415,6.392,8.594,Stratus
0.454,0.809,6.01,6.042,Stratus
1.526,0.715,5.911,8.643,Stratus
1.248,0.891,6.764,9.014,Stratus
1.231,0.837,5.931,8.857,Stratus
1.29,0.723,4.873,8.418,Stratus
1.173,0.339,8.439,9.814,Stratus
0.927,0.357,8.469,8.749,Stratus
0.951,0.625,11.402,8.85,Stratus
0.872,0.798,6.663,9.336,Stratus
1.79,0.618,8.592,8.79,Stratus
1.167,0.988,8.625,7.782,Stratus
0.861,0.716,7.492,6.549,Stratus
1.14,0.51,9.489,8.118,Stratus
0.697,0.717,9.55,9.109,Stratus
1.451,0.868,8.655,8.218,Stratus
0.802,0.897,7.489,9.141,Stratus
1.15,1.364,7.285,8.619,Stratus
1.32,0.599,5.264,9.53,Stratus
1.115,0.778,6.388,8.264,Stratus
1.028,0.928,6.756,8.874,Stratus
1.003,0.793,5.752,8.905,Stratus
0.983,0.65,8.88,9.701,Stratus
0.827,0.335,10.393,7.135,Stratus
0.865,0.647,6.184,8.133,Stratus
1.444,0.478,8.567,9.179,Stratus
0.967,0.282,5.932,9.737,Stratus
0.764,0.561,7.39,8.692,Stratus
0.845,0.486,6.619,8.266,Stratus
1.33,0.975,9.204,9.106,Stratus
1.203,0.98,6.642,9.195,Stratus
1.168,0.529,10.023,8.212,Stratus
0.923,0.722,7.509,8.764,Stratus
1.172,0.243,6.701,9.444,Stratus
0.807,0.652,5.493,10.012,Stratus
0.922,0.92,8.506,9.094,Stratus
1.291,1.047,9.79,8.535,Stratus
1.262,0.586,8.547,8.457,Stratus
0.705,1.116,12.478,8.946,Stratus
0.743,0.345,10.86,8.407,Stratus
1.033,0.426,7.385,8.652,Stratus
1.518,1.013,7.364,7.654,Stratus
0.425,1.301,8.939,9.538,Stratus
1.083,0.948,6.324,7.588,Stratus
0.587,0.788,10.333,8.154,Stratus
0.81,0.141,8.723,8.578,Stratus
0.891,0.193,8.513,10.093,Stratus
0.874,0.839,9.374,8.162,Stratus
0.84,0.693,11.446,7.967,Stratus
1.002,0.468,8.342,8.059,Stratus
0.839,0.82,7.774,9.827,Stratus
0.561,0.835,11.017,6.25,Stratus
1.234,1.083,9.935,7.698,Stratus
1.226,0.841,7.358,10.685,Stratus
1.253,1.169,8.01,8.973,Stratus
0.538,0.802,8.391,7.615,Stratus
1.09,0.765,8.724,8.466,Stratus
1.203,1.119,5.287,8.554,Stratus
0.691,0.506,4.915,9.177,Stratus
1.003,1.644,6.225,9.972,Stratus
0.965,0.913,6.071,8.811,Stratus
1.553,0.914,6.712,8.068,Stratus
1.577,0.958,9.269,9.13,Stratus
0.501,1.363,7.662,7.941,Stratus
1.748,1.038,8.393,7.673,Stratus
0.725,0.318,5.551,7.092,Stratus
1.294,1.221,7.077,7.248,Stratus
1.291,0.698,9.175,7.783,Stratus
0.701,0.832,9.19,7.558,Stratus
1.148,0.416,6.551,8.751,Stratus
0.968,0.958,8.323,7.54,Stratus
1.166,0.605,12.398,5.985,Stratus
1.069,0.83,7.965,7.665,Stratus
1.359,0.715,6.614,8.123,Stratus
1.023,1.378,7.652,8.016,Stratus
0.95,1.395,8.184,9.716,Stratus
1.329,0.814,7.698,8.009,Stratus
1.174,0.819,7.937,9.205,Stratus
1.22,0.688,5.113,8.485,Stratus
0.801,1.132,6.075,8.466,Stratus
0.686,0.701,7.701,7.832,Stratus
0.83,0.674,7.669,8.453,Stratus
0.814,1.094,6.868,7.888,Stratus
1.236,0.639,7.646,8.636,Stratus
1.293,0.789,8.122,8.311,Stratus
0.953,0.326,9.779,7.744,Stratus
1.429,1.011,7.802,9.294,Stratus
1.411,1.382,8.798,8.841,Stratus
1.073,1.016,6.917,8.142,Stratus
0.753,1.239,9.144,8.616,Stratus
1.473,0.546,8.751,8.433,Stratus
0.982,0.871,9.732,7.806,Stratus
1.038,0.517,9.427,8.556,Stratus
0.898,0.732,9.177,8.003,Stratus
0.733,1.032,7.803,7.744,Stratus
0.559,0.831,8.49,7.202,Stratus
1.19,0.376,10.127,8.213,Stratus
0.765,0.405,6.696,8.954,Stratus
1.918,0.386,6.743,7.944,Stratus
0.674,0.947,8.363,10.517,Stratus
0.623,1.419,8.831,9.209,Stratus
1.153,1.209,6.352,9.543,Stratus
1.459,0.231,7.85,9.136,Stratus
1.019,1.226,7.812,9.982,Stratus
1.172,1.081,3.569,7.87,Stratus
0.447,0.336,7.561,6.451,Stratus
0.797,0.709,7.685,8.143,Stratus
0.678,1.129,7.679,8.947,Stratus
0.431,0.965,10.832,8.621,Stratus
1.035,0.407,5.568,8.72,Stratus
0.327,0.983,6.351,9.557,Stratus
0.603,0.159,2.776,8.806,Stratus
0.839,0.733,7.038,9.139,Stratus
0.751,1.141,7.209,7.748,Stratus
1.119,0.806,6.98,7.624,Stratus
1.092,0.65,10.215,9.791,Stratus
1.268,1.067,9.721,8.581,Stratus
1.226,1.092,8.156,8.001,Stratus
1.342,1.193,7.259,8.003,Stratus
0.999,1.062,10.052,7.981,Stratus
1.091,1.124,7.96,7.933,Stratus
1.153,1.02,6.363,7.473,Stratus
1.042,0.88,4.568,7.3,Stratus
0.881,0.827,7.117,8.344,Stratus
0.9,0.729,9.509,8.026,Stratus
0.755,0.436,12.553,9.386,Stratus
1.126,0.513,8.123,8.734,Stratus
0.972,0.715,6.469,8.712,Stratus
0.801,0.872,5.63,7.906,Stratus
0.801,1.232,9.104,8.403,Stratus
0.637,0.787,4.471,8.789,Stratus
1.294,1.101,9.101,9.073,Stratus
1.024,1.124,9.635,8.425,Stratus
0.741,0.731,8.873,9.363,Stratus
1.243,0.978,7.561,8.506,Stratus
0.832,0.727,9.13,9.134,Stratus
0.578,1.197,8.342,8.108,Stratus
1.306,0.991,6.444,7.05,Stratus
0.839,0.443,11.701,8.715,Stratus
0.877,0.848,7.297,9.08,Stratus
1.012,1.294,9.552,8.96,Stratus
1.343,0.746,3.163,8.838,Stratus
1.006,0.934,10.553,8.221,Stratus
0.64,0.964,10.938,7.855,Stratus
1.163,0.489,8.06,8.941,Stratus
0.855,0.953,9.118,8.841,Stratus
1.566,0.382,9.117,8.051,Stratus
1.0,0.612,6.714,9.388,Stratus
0.329,1.123,9.094,7.794,Stratus
1.107,0.907,6.383,8.033,Stratus
1.583,0.709,6.782,9.809,Stratus
1.473,0.934,10.254,9.195,Stratus
1.549,0.782,9.949,8.214,Stratus
0.694,0.804,6.587,8.73,Stratus
1.274,0.997,6.533,8.624,Stratus
0.783,0.582,6.709,6.304,Stratus
1.067,0.812,9.465,7.775,Stratus
0.618,0.706,6.0,8.459,Stratus
0.807,0.324,8.713,8.215,Stratus
0.797,0.524,9.494,8.698,Stratus
1.27,1.27,7.824,9.404,Stratus
1.24,0.915,10.02,8.243,Stratus
1.083,0.403,7.391,7.654,Stratus
0.595,0.338,7.572,8.76,Stratus
0.907,0.766,6.046,8.239,Stratus
0.776,1.268,10.034,8.375,Stratus
1.261,0.744,6.467,8.267,Stratus
1.353,1.192,8.7,10.293,Stratus
1.317,0.906,7.857,6.707,Stratus
0.773,0.941,5.894,8.189,Stratus
0.178,0.399,6.782,8.497,Stratus
0.47,1.081,10.766,7.875,Stratus
1.426,0.7,8.403,9.22,Stratus
0.88,1.059,5.982,9.151,Stratus
0.775,0.556,8.611,8.462,Stratus
1.493,0.853,7.708,8.283,Stratus
1.38,0.906,14.908,8.41,Stratus
1.007,0.754,8.57,8.416,Stratus
0.912,0.921,7.239,8.437,Stratus
0.96,0.72,10.84,8.35,Stratus
1.068,0.605,4.318,8.702,Stratus
1.48,1.282,8.189,9.103,Stratus
1.127,1.115,11.989,7.516,Stratus
1.218,0.572,7.768,7.659,Stratus
1.351,0.971,4.533,7.101,Stratus
0.649,0.577,7.208,9.193,Stratus
1.226,0.445,10.909,8.7,Stratus
0.912,1.11,8.752,8.904,Stratus
0.245,0.289,6.322,7.356,Stratus
0.362,1.078,6.63,9.928,Stratus
0.695,0.724,6.881,8.013,Stratus
1.159,0.737,8.722,8.635,Stratus
1.034,0.923,10.676,9.184,Stratus
1.055,0.974,10.105,7.71,Stratus
1.585,0.552,8.912,8.063,Stratus
0.619,1.015,5.337,8.643,Stratus
0.992,0.834,5.344,10.786,Stratus
1.091,0.423,9.067,8.741,Stratus
0.779,0.749,5.309,9.785,Stratus
1.008,1.214,7.549,9.465,Stratus
0.52,1.303,8.608,8.794,Stratus
1.423,1.015,5.725,7.709,Stratus
0.796,0.443,5.951,9.348,Stratus
1.609,0.947,7.812,7.302,Stratus
0.99,1.055,9.007,9.781,Stratus
1.308,1.018,10.123,8.66,Stratus
0.984,1.035,9.214,6.38,Stratus
0.991,0.909,8.147,8.228,Stratus
0.825,0.778,6.508,9.023,Stratus
1.036,0.617,5.858,8.31,Stratus
1.095,0.231,6.978,9.072,Stratus
0.765,0.902,8.82,7.82,Stratus
0.962,0.856,8.673,7.455,Stratus
0.817,0.967,3.8,8.443,Stratus
1.69,0.399,6.429,8.525,Stratus
0.973,0.994,10.409,8.221,Stratus
1.464,1.416,8.158,9.482,Stratus
0.941,0.824,5.166,7.82,Stratus
1.078,0.782,12.712,8.751,Stratus
0.604,0.893,7.942,8.554,Stratus
0.866,1.41,8.769,7.255,Stratus
1.063,0.493,8.799,7.445,Stratus
1.476,0.861,7.265,8.51,Stratus
1.067,0.56,6.545,10.085,Stratus
1.415,0.636,12.243,8.963,Stratus
1.192,0.785,10.006,7.119,Stratus
1.488,1.204,9.644,6.012,Stratus
0.982,1.34,9.153,9.086,Stratus
1.717,0.934,5.993,8.423,Stratus
0.854,0.687,10.555,9.413,Stratus
0.77,1.548,6.314,7.795,Stratus
0.637,0.672,8.567,8.78,Stratus
1.699,0.629,4.721,9.177,Stratus
1.246,0.268,3.918,8.142,Stratus
0.9,1.219,8.637,8.159,Stratus
9.02,0.438,-38.874,1.942,Cirrus
9.434,0.646,-40.267,1.347,Cirrus
8.989,0.235,-35.68,1.821,Cirrus
9.779,0.501,-36.966,1.611,Cirrus
8.63,0.547,-54.929,1.86,Cirrus
7.937,0.731,-37.274,0.828,Cirrus
10.582,0.183,-45.017,1.427,Cirrus
8.516,0.506,-47.109,1.471,Cirrus
8.545,0.283,-40.942,1.812,Cirrus
8.947,0.601,-37.945,1.186,Cirrus
9.054,0.655,-48.204,0.25,Cirrus
8.691,0.757,-36.477,0.959,Cirrus
8.986,0.393,-36.183,1.469,Cirrus
8.968,0.685,-39.765,1.532,Cirrus
9.14,0.772,-44.338,2.342,Cirrus
7.114,0.171,-44.897,1.791,Cirrus
10.505,0.622,-34.87,1.541,Cirrus
8.882,0.692,-47.556,1.484,Cirrus
9.464,0.448,-34.678,2.052,Cirrus
7.898,0.258,-40.826,1.205,Cirrus
8.623,0.689,-40.479,1.43,Cirrus
8.462,0.26,-48.54,0.955,Cirrus
10.176,0.464,-40.734,2.209,Cirrus
8.531,0.492,-36.932,1.696,Cirrus
9.606,0.643,-46.682,1.146,Cirrus
8.48,0.375,-37.507,1.443,Cirrus
8.638,0.363,-39.555,1.755,Cirrus
8.804,0.52,-43.219,1.375,Cirrus
10.027,0.701,-35.727,1.233,Cirrus
7.488,0.957,-51.011,1.173,Cirrus
7.947,0.199,-38.267,1.669,Cirrus
7.442,0.563,-31.903,1.321,Cirrus
8.13,0.283,-32.8,1.273,Cirrus
8.351,0.704,-38.051,0.832,Cirrus
7.708,0.312,-41.508,1.539,Cirrus
8.413,0.365,-43.179,1.409,Cirrus
7.388,0.382,-41.515,1.339,Cirrus
8.186,0.485,-37.281,1.599,Cirrus
9.96,0.565,-44.036,1.874,Cirrus
9.323,0.597,-36.213,1.851,Cirrus
9.15,0.499,-29.334,1.776,Cirrus
8.198,0.234,-40.309,1.38,Cirrus
7.771,0.646,-46.722,1.217,Cirrus
8.089,0.489,-46.724,0.978,Cirrus
8.965,0.732,-36.117,1.203,Cirrus
9.695,0.358,-40.299,1.51,Cirrus
9.722,0.18,-35.616,1.107,Cirrus
9.504,0.493,-42.668,1.548,Cirrus
8.41,0.759,-35.847,1.017,Cirrus
9.02,0.532,-40.791,0.67,Cirrus
8.743,0.46,-43.663,1.91,Cirrus
8.839,0.326,-42.005,1.263,Cirrus
10.63,0.852,-45.985,1.081,Cirrus
7.59,0.294,-30.053,0.953,Cirrus
8.812,0.355,-40.482,1.712,Cirrus
9.969,0.614,-36.777,2.187,Cirrus
7.827,0.129,-42.684,1.298,Cirrus
8.485,0.755,-45.26,1.392,Cirrus
8.577,0.625,-41.169,2.036,Cirrus
8.821,0.68,-34.494,0.595,Cirrus
7.723,0.612,-42.604,2.483,Cirrus
9.476,0.468,-44.353,2.722,Cirrus
9.533,0.287,-39.223,0.147,Cirrus
9.407,0.472,-37.505,1.451,Cirrus
8.304,0.305,-31.786,1.141,Cirrus
9.069,0.597,-38.231,1.368,Cirrus
8.28,0.661,-36.78,1.291,Cirrus
8.734,0.795,-36.404,1.906,Cirrus
10.723,0.574,-45.765,1.444,Cirrus
9.077,0.685,-44.817,1.045,Cirrus
8.05,0.441,-45.419,1.414,Cirrus
9.144,0.404,-46.661,1.757,Cirrus
7.919,0.595,-36.023,0.908,Cirrus
8.041,0.423,-38.55,0.677,Cirrus
8.167,0.554,-39.603,2.496,Cirrus
8.645,0.288,-52.964,1.179,Cirrus
9.75,0.324,-29.723,1.431,Cirrus
9.463,0.627,-44.471,1.301,Cirrus
9.418,0.677,-29.741,1.774,Cirrus
8.121,0.303,-47.246,2.386,Cirrus
8.567,0.634,-44.062,1.79,Cirrus
9.218,0.393,-51.014,0.741,Cirrus
8.497,0.503,-38.189,0.808,Cirrus
8.777,0.783,-45.506,1.301,Cirrus
9.353,0.661,-45.365,1.366,Cirrus
8.721,0.659,-46.863,0.639,Cirrus
9.181,0.882,-36.113,1.91,Cirrus
10.274,0.359,-36.443,0.957,Cirrus
8.863,0.303,-30.94,2.247,Cirrus
9.943,0.356,-43.429,2.41,Cirrus
9.447,0.449,-38.906,1.376,Cirrus
7.826,0.029,-46.447,1.719,Cirrus
8.118,0.459,-41.675,0.884,Cirrus
8.333,0.391,-42.594,1.812,Cirrus
8.316,0.657,-37.678,1.251,Cirrus
8.928,0.57,-34.915,0.956,Cirrus
9.492,0.38,-35.045,1.355,Cirrus
10.004,0.618,-44.214,1.267,Cirrus
9.247,0.645,-35.008,1.337,Cirrus
8.643,0.346,-40.22,1.975,Cirrus
7.334,0.401,-41.623,1.107,Cirrus
9.056,0.055,-43.543,2.368,Cirrus
9.021,0.282,-42.8,0.837,Cirrus
9.146,0.352,-31.288,2.308,Cirrus
10.685,0.515,-38.463,0.992,Cirrus
9.992,0.311,-39.127,1.499,Cirrus
9.628,0.397,-41.311,1.255,Cirrus
8.23,0.255,-27.77,1.328,Cirrus
8.59,0.534,-33.475,1.901,Cirrus
8.924,0.585,-43.605,2.25,Cirrus
8.38,0.58,-41.368,2.095,Cirrus
9.4,0.502,-41.071,1.298,Cirrus
9.286,0.192,-39.271,1.592,Cirrus
8.129,0.376,-43.506,1.109,Cirrus
9.957,0.419,-37.806,1.004,Cirrus
9.082,0.419,-32.74,0.927,Cirrus
7.617,0.515,-46.568,1.281,Cirrus
8.959,0.785,-45.641,1.625,Cirrus
9.225,0.662,-42.416,0.544,Cirrus
9.778,0.302,-42.184,1.477,Cirrus
8.73,0.636,-30.008,2.258,Cirrus
9.662,0.628,-34.991,2.061,Cirrus
9.15,0.339,-35.278,1.207,Cirrus
7.948,0.67,-41.322,0.802,Cirrus
7.868,0.468,-41.432,1.73,Cirrus
9.898,0.218,-47.259,0.341,Cirrus
9.957,0.591,-36.091,2.055,Cirrus
9.258,0.543,-37.545,1.393,Cirrus
10.197,0.454,-33.57,2.416,Cirrus
9.845,0.493,-41.054,0.637,Cirrus
9.547,0.356,-40.709,1.959,Cirrus
8.271,0.622,-39.15,1.45,Cirrus
10.385,0.491,-35.541,1.334,Cirrus
9.429,0.533,-47.351,0.815,Cirrus
8.691,0.571,-36.32,1.798,Cirrus
8.465,0.269,-40.102,1.838,Cirrus
9.205,0.321,-45.293,2.393,Cirrus
7.663,0.058,-50.423,2.004,Cirrus
9.56,0.613,-40.682,1.203,Cirrus
8.237,0.258,-32.761,0.998,Cirrus
9.296,0.527,-31.627,0.816,Cirrus
8.583,0.574,-38.223,2.237,Cirrus
8.788,0.62,-30.19,1.111,Cirrus
8.394,0.259,-40.215,2.24,Cirrus
8.871,0.487,-35.233,1.763,Cirrus
10.512,0.834,-42.256,1.665,Cirrus
10.108,0.843,-42.573,1.347,Cirrus
9.284,0.697,-43.388,1.83,Cirrus
8.98,0.567,-50.303,1.492,Cirrus
9.675,0.299,-33.565,1.315,Cirrus
9.904,0.644,-43.208,1.848,Cirrus
8.336,0.468,-44.007,1.428,Cirrus
8.938,0.612,-45.9,1.101,Cirrus
7.542,0.373,-41.022,1.8,Cirrus
9.898,0.465,-31.183,1.468,Cirrus
10.652,0.533,-29.531,1.744,Cirrus
9.064,0.549,-48.304,1.273,Cirrus
7.3,0.599,-41.772,0.895,Cirrus
9.487,0.384,-45.172,2.368,Cirrus
8.277,0.231,-35.058,2.273,Cirrus
8.469,0.825,-38.567,1.942,Cirrus
9.501,0.998,-43.183,1.306,Cirrus
9.204,0.589,-39.637,1.35,Cirrus
8.61,0.235,-42.387,2.191,Cirrus
8.48,0.345,-31.929,1.323,Cirrus
9.101,0.602,-37.265,1.184,Cirrus
8.672,0.768,-36.651,2.436,Cirrus
8.113,0.257,-53.335,1.476,Cirrus
8.734,0.475,-40.334,2.384,Cirrus
9.272,0.539,-29.584,0.801,Cirrus
8.858,0.673,-33.369,1.759,Cirrus
7.869,0.431,-49.235,2.536,Cirrus
9.791,0.187,-41.567,1.515,Cirrus
6.809,0.624,-46.008,1.368,Cirrus
8.643,0.725,-31.444,0.916,Cirrus
8.504,0.483,-38.779,2.041,Cirrus
9.119,0.581,-43.839,1.115,Cirrus
9.449,0.405,-39.829,1.453,Cirrus
9.901,0.331,-53.037,0.883,Cirrus
8.43,0.705,-45.425,2.278,Cirrus
9.469,0.577,-39.818,2.077,Cirrus
9.157,0.598,-35.772,1.484,Cirrus
7.631,0.8,-49.707,0.923,Cirrus
10.52,0.289,-41.906,2.268,Cirrus
7.849,0.39,-34.952,1.317,Cirrus
9.336,0.532,-47.257,0.947,Cirrus
9.312,0.387,-38.854,0.619,Cirrus
9.221,0.657,-39.67,1.177,Cirrus
8.604,0.463,-31.428,0.773,Cirrus
9.662,0.301,-41.151,1.189,Cirrus
7.752,0.513,-40.858,1.872,Cirrus
8.947,0.534,-35.725,1.312,Cirrus
8.549,0.687,-46.632,1.678,Cirrus
8.458,0.579,-41.104,1.138,Cirrus
9.343,0.592,-42.279,1.533,Cirrus
9.862,0.564,-40.695,2.46,Cirrus
8.725,0.462,-35.758,1.326,Cirrus
9.625,0.357,-37.229,1.692,Cirrus
9.04,0.558,-43.743,0.717,Cirrus
8.286,0.433,-39.317,2.26,Cirrus
8.794,0.838,-32.548,1.261,Cirrus
8.76,0.768,-44.157,2.025,Cirrus
8.443,0.627,-39.274,1.438,Cirrus
9.343,0.576,-40.966,1.806,Cirrus
9.188,0.482,-40.315,1.836,Cirrus
7.727,0.248,-48.153,1.274,Cirrus
7.679,0.457,-32.946,2.046,Cirrus
9.34,0.52,-43.872,1.121,Cirrus
8.348,0.546,-34.87,1.889,Cirrus
9.242,0.594,-43.107,1.305,Cirrus
9.625,0.684,-43.128,1.675,Cirrus
7.983,0.362,-33.934,1.269,Cirrus
7.871,0.363,-35.031,1.525,Cirrus
10.34,0.79,-38.957,0.963,Cirrus
9.281,0.654,-36.194,1.624,Cirrus
8.665,0.422,-41.443,1.522,Cirrus
8.253,0.479,-40.042,1.23,Cirrus
8.592,0.479,-43.308,1.472,Cirrus
8.048,0.506,-35.48,1.567,Cirrus
9.707,0.595,-43.467,1.192,Cirrus
8.379,1.007,-32.574,1.436,Cirrus
9.875,0.538,-41.579,0.997,Cirrus
8.679,0.633,-39.897,2.673,Cirrus
8.165,0.163,-36.206,2.03,Cirrus
8.659,0.403,-39.881,1.637,Cirrus
6.901,0.746,-41.49,2.086,Cirrus
8.903,0.58,-40.15,0.51,Cirrus
8.864,-0.378,-35.531,0.221,Cirrus
9.66,0.635,-43.314,1.3,Cirrus
7.491,0.884,-40.631,0.811,Cirrus
9.929,0.101,-39.949,1.382,Cirrus
9.656,0.804,-35.677,1.603,Cirrus
10.002,-0.054,-40.499,1.96,Cirrus
8.958,0.688,-30.959,0.931,Cirrus
9.811,0.498,-40.783,1.7,Cirrus
7.823,0.03,-41.188,1.507,Cirrus
9.57,0.589,-40.855,1.674,Cirrus
8.383,0.73,-46.583,1.24,Cirrus
7.679,0.573,-45.184,2.192,Cirrus
8.101,0.617,-42.653,1.448,Cirrus
9.004,0.418,-34.321,2.387,Cirrus
8.341,0.128,-40.166,1.105,Cirrus
9.301,0.638,-42.423,1.871,Cirrus
7.553,0.85,-33.867,1.47,Cirrus
7.298,0.726,-32.244,1.336,Cirrus
10.098,0.102,-33.723,1.816,Cirrus
9.723,0.197,-44.265,1.35,Cirrus
8.161,0.331,-42.476,0.169,Cirrus
8.998,0.181,-30.931,-0.031,Cirrus
9.816,0.509,-38.794,2.136,Cirrus
9.335,0.579,-41.338,2.115,Cirrus
9.119,0.214,-36.408,2.444,Cirrus
9.876,0.655,-34.964,1.491,Cirrus
8.415,0.62,-42.857,0.854,Cirrus
9.025,0.39,-38.903,1.29,Cirrus
8.986,0.465,-35.367,1.506,Cirrus
8.782,0.11,-45.801,0.996,Cirrus
8.688,0.434,-39.938,2.324,Cirrus
9.058,0.501,-45.572,2.62,Cirrus
9.028,0.534,-44.918,1.739,Cirrus
8.161,0.576,-42.816,1.495,Cirrus
9.641,0.549,-37.614,0.853,Cirrus
8.219,0.447,-41.61,2.273,Cirrus
8.825,0.557,-43.242,1.538,Cirrus
8.764,0.7,-39.742,1.355,Cirrus
9.286,0.481,-45.735,1.741,Cirrus
7.305,0.564,-37.856,1.207,Cirrus
9.713,0.463,-34.343,1.573,Cirrus
8.458,0.371,-40.396,0.779,Cirrus
9.976,0.605,-41.013,2.044,Cirrus
8.617,0.389,-38.133,1.448,Cirrus
8.961,0.577,-50.142,2.079,Cirrus
10.531,0.506,-37.316,1.399,Cirrus
8.778,0.439,-24.491,1.432,Cirrus
9.991,0.434,-40.613,0.894,Cirrus
9.031,0.398,-40.596,1.88,Cirrus
9.332,0.171,-36.282,1.062,Cirrus
9.056,0.577,-31.773,1.257,Cirrus
9.678,0.546,-35.125,1.501,Cirrus
8.452,0.67,-50.778,1.561,Cirrus
8.213,0.394,-37.183,0.647,Cirrus
8.489,0.879,-27.14,1.385,Cirrus
9.08,0.424,-36.888,1.898,Cirrus
8.823,0.325,-45.773,1.311,Cirrus
9.568,0.301,-38.591,1.388,Cirrus
10.044,0.153,-46.403,1.581,Cirrus
8.219,0.807,-33.836,1.437,Cirrus
8.413,0.774,-44.779,0.985,Cirrus
7.851,0.62,-39.629,1.482,Cirrus
10.624,0.321,-44.289,1.997,Cirrus
9.244,0.862,-42.732,0.974,Cirrus
9.384,0.43,-32.569,1.313,Cirrus
7.928,0.446,-39.483,0.809,Cirrus
8.999,0.787,-42.796,1.971,Cirrus
9.407,0.632,-45.726,1.454,Cirrus
8.798,0.94,-49.359,1.075,Cirrus
9.861,0.55,-46.256,1.546,Cirrus
10.849,0.421,-39.44,0.898,Cirrus
8.242,0.378,-35.099,0.983,Cirrus
8.182,0.131,-42.802,0.77,Cirrus
8.298,0.444,-32.147,0.967,Cirrus
10.285,0.729,-43.588,2.179,Cirrus
9.834,0.62,-41.19,1.133,Cirrus
8.892,0.504,-45.398,1.733,Cirrus
9.029,0.301,-35.046,1.082,Cirrus
8.347,0.545,-29.512,1.88,Cirrus
9.712,0.703,-48.809,0.987,Cirrus
8.696,0.586,-41.731,1.52,Cirrus
8.792,0.533,-33.676,1.526,Cirrus
9.487,0.341,-47.235,2.664,Cirrus
8.85,0.673,-37.167,1.815,Cirrus
8.812,-0.126,-33.893,1.204,Cirrus
9.008,0.577,-39.609,1.843,Cirrus
9.636,1.014,-37.249,2.569,Cirrus
10.317,0.198,-31.195,0.685,Cirrus
9.468,0.452,-30.258,1.079,Cirrus
9.643,0.498,-40.31,1.382,Cirrus
8.84,0.407,-42.662,1.291,Cirrus
8.434,0.707,-44.6,1.334,Cirrus
9.523,0.594,-35.115,0.848,Cirrus
9.137,0.53,-46.859,2.202,Cirrus
7.862,0.659,-41.263,0.789,Cirrus
8.738,0.503,-39.487,1.4,Cirrus
8.934,1.136,-42.515,2.023,Cirrus
8.592,0.53,-38.601,1.485,Cirrus
10.185,0.539,-27.177,1.01,Cirrus
9.384,0.158,-40.608,0.826,Cirrus
10.099,0.391,-42.177,1.385,Cirrus
9.211,0.729,-34.923,1.121,Cirrus
9.065,0.233,-38.802,1.603,Cirrus
8.251,0.068,-32.803,0.799,Cirrus
9.01,0.506,-39.177,1.907,Cirrus
9.01,0.774,-41.242,1.558,Cirrus
7.906,0.508,-48.919,1.595,Cirrus
8.568,0.433,-48.099,2.221,Cirrus
8.741,0.128,-49.178,1.281,Cirrus
9.331,0.59,-38.103,1.137,Cirrus
9.369,0.632,-46.811,1.226,Cirrus
8.535,0.144,-33.722,1.404,Cirrus
9.375,0.727,-39.849,1.455,Cirrus
8.854,0.653,-41.221,1.085,Cirrus
6.704,0.726,-44.219,0.488,Cirrus
8.612,0.617,-36.889,1.22,Cirrus
9.863,0.631,-44.022,1.68,Cirrus
7.655,0.604,-44.927,1.568,Cirrus
9.09,0.674,-34.058,2.1,Cirrus
10.268,0.136,-38.227,2.478,Cirrus
8.392,0.2,-41.175,1.88,Cirrus
9.002,0.353,-36.793,2.191,Cirrus
7.957,0.474,-39.955,1.883,Cirrus
10.302,0.578,-38.085,2.355,Cirrus
8.933,0.565,-44.084,2.425,Cirrus
9.037,0.723,-29.648,1.976,Cirrus
10.083,0.73,-42.898,1.853,Cirrus
9.529,0.326,-32.22,1.397,Cirrus
8.299,0.548,-40.944,1.479,Cirrus
8.482,0.33,-35.965,1.331,Cirrus
9.396,0.462,-36.329,1.811,Cirrus
8.501,0.564,-34.266,1.14,Cirrus
7.306,-0.182,-44.203,1.404,Cirrus
8.957,0.982,-34.622,0.322,Cirrus
7.816,0.613,-30.768,2.362,Cirrus
10.293,0.381,-41.293,1.39,Cirrus
9.141,0.885,-39.826,1.728,Cirrus
8.276,0.431,-42.617,2.229,Cirrus
8.441,0.527,-41.732,1.65,Cirrus
7.488,0.403,-31.443,2.222,Cirrus
8.12,0.83,-45.021,0.879,Cirrus
9.813,0.479,-44.711,2.699,Cirrus
10.785,0.53,-31.945,2.044,Cirrus
9.581,0.741,-36.877,1.605,Cirrus
8.926,0.617,-29.398,2.213,Cirrus
8.654,0.489,-42.252,0.916,Cirrus
8.235,0.722,-39.369,1.356,Cirrus
10.648,1.008,-43.303,2.222,Cirrus
8.849,0.563,-39.283,0.566,Cirrus
10.693,0.523,-48.87,1.78,Cirrus
10.115,0.534,-36.575,1.766,Cirrus
7.607,0.762,-38.383,2.485,Cirrus
8.467,0.38,-40.288,0.709,Cirrus
8.465,0.444,-41.952,2.305,Cirrus
8.936,0.193,-44.474,1.22,Cirrus
8.952,0.263,-36.361,1.276,Cirrus
11.397,0.396,-45.855,0.889,Cirrus
8.138,0.489,-37.441,0.956,Cirrus
9.183,0.854,-29.628,1.702,Cirrus
9.493,0.607,-32.572,0.944,Cirrus
8.999,0.318,-47.526,1.87,Cirrus
9.088,0.354,-42.684,1.169,Cirrus
8.164,0.775,-37.893,0.893,Cirrus
9.085,0.725,-40.351,1.236,Cirrus
9.409,0.506,-46.997,1.668,Cirrus
9.262,0.411,-38.073,1.361,Cirrus
9.456,0.725,-40.05,1.517,Cirrus
10.13,0.301,-30.428,1.848,Cirrus
9.75,0.578,-41.266,2.041,Cirrus
9.057,0.955,-34.16,1.345,Cirrus
8.063,0.541,-46.335,0.978,Cirrus
8.52,0.345,-45.14,1.538,Cirrus
8.824,0.582,-36.392,1.735,Cirrus
9.202,0.406,-34.581,0.77,Cirrus
8.617,0.221,-44.787,1.055,Cirrus
8.251,0.64,-39.88,1.14,Cirrus
8.049,0.724,-46.908,1.396,Cirrus
7.679,0.438,-40.906,1.119,Cirrus
8.812,0.425,-35.815,1.854,Cirrus
7.824,0.308,-42.175,0.697,Cirrus
8.2,0.47,-41.245,0.71,Cirrus
8.685,0.388,-45.649,1.333,Cirrus
7.931,0.298,-43.242,1.412,Cirrus
9.304,0.878,-31.209,0.773,Cirrus
9.592,0.593,-39.635,1.197,Cirrus
8.56,0.614,-45.012,1.299,Cirrus
8.65,0.677,-41.574,1.303,Cirrus
9.43,0.654,-47.987,1.576,Cirrus
8.429,0.417,-45.071,1.169,Cirrus
8.374,0.555,-33.198,2.239,Cirrus
9.957,0.446,-40.712,1.744,Cirrus
9.707,0.588,-30.546,1.096,Cirrus
9.481,0.568,-40.477,1.547,Cirrus
9.741,0.423,-40.18,1.562,Cirrus
7.418,0.234,-36.796,2.107,Cirrus
10.083,0.529,-53.363,1.2,Cirrus
9.314,0.459,-38.975,1.884,Cirrus
9.809,0.122,-40.245,1.521,Cirrus
9.31,0.602,-32.57,2.246,Cirrus
9.039,0.693,-35.177,2.145,Cirrus
8.78,1.006,-45.668,1.598,Cirrus
9.294,0.422,-33.789,1.369,Cirrus
8.751,0.392,-41.312,1.753,Cirrus
9.694,0.278,-44.522,1.41,Cirrus
7.731,0.542,-39.014,2.34,Cirrus
8.567,0.54,-41.014,1.539,Cirrus
10.636,0.338,-32.308,1.297,Cirrus
8.499,0.465,-38.297,1.27,Cirrus
8.809,0.104,-38.972,0.893,Cirrus
8.294,0.685,-35.497,1.778,Cirrus
9.269,0.346,-34.536,1.09,Cirrus
8.411,0.493,-36.082,2.049,Cirrus
8.852,0.215,-32.903,0.854,Cirrus
9.679,0.384,-36.957,1.564,Cirrus
8.441,0.444,-39.162,2.075,Cirrus
9.631,0.498,-33.804,0.424,Cirrus
9.658,0.596,-40.454,2.509,Cirrus
9.844,0.788,-39.834,1.287,Cirrus
9.112,0.647,-31.392,1.571,Cirrus
11.593,0.692,-31.89,1.786,Cirrus
9.844,0.789,-40.041,1.863,Cirrus
9.26,0.614,-42.268,1.637,Cirrus
8.299,0.493,-32.684,1.999,Cirrus
8.922,0.702,-35.998,1.76,Cirrus
10.141,0.715,-38.422,2.38,Cirrus
10.368,0.63,-41.609,1.761,Cirrus
10.183,0.209,-38.342,2.482,Cirrus
9.628,0.332,-40.109,1.951,Cirrus
7.995,0.445,-43.322,0.597,Cirrus
9.39,0.656,-39.355,2.806,Cirrus
8.007,0.496,-38.673,1.213,Cirrus
7.81,0.727,-41.877,2.248,Cirrus
9.191,0.763,-35.481,1.513,Cirrus
9.419,0.74,-33.556,2.031,Cirrus
9.723,0.741,-35.151,1.156,Cirrus
9.398,0.293,-41.381,1.813,Cirrus
9.425,0.597,-36.221,1.373,Cirrus
8.212,0.378,-39.61,2.29,Cirrus
8.916,0.17,-46.179,1.719,Cirrus
7.794,0.443,-36.636,1.968,Cirrus
7.397,0.765,-39.269,0.418,Cirrus
9.593,0.592,-27.032,1.457,Cirrus
8.398,0.904,-32.714,1.705,Cirrus
9.698,0.535,-36.444,1.612,Cirrus
9.887,0.99,-38.754,1.981,Cirrus
8.505,0.536,-39.181,1.317,Cirrus
9.472,0.504,-45.018,1.524,Cirrus
8.471,0.244,-48.695,2.091,Cirrus
7.523,0.722,-44.363,0.361,Cirrus
9.099,0.4,-40.239,1.795,Cirrus
8.623,0.371,-50.528,1.333,Cirrus
8.648,0.756,-42.722,1.044,Cirrus
10.58,0.732,-41.238,1.668,Cirrus
7.779,0.726,-41.077,2.114,Cirrus
9.306,0.428,-43.309,2.02,Cirrus
8.204,0.49,-41.708,1.432,Cirrus
9.727,0.488,-31.381,1.938,Cirrus
9.239,0.657,-36.689,1.934,Cirrus
9.303,0.811,-42.802,1.456,Cirrus
8.244,0.574,-40.342,1.153,Cirrus
8.388,0.895,-40.142,1.182,Cirrus
9.742,0.679,-43.84,1.919,Cirrus
10.417,0.453,-43.846,1.479,Cirrus
9.384,0.666,-34.947,0.977,Cirrus
8.282,0.841,-42.099,0.658,Cirrus
9.271,0.9,-45.473,1.916,Cirrus
10.942,0.737,-40.216,1.227,Cirrus
9.082,0.505,-39.41,1.665,Cirrus
10.169,0.457,-49.864,2.12,Cirrus
8.408,0.615,-40.204,0.846,Cirrus
8.966,0.835,-35.66,1.477,Cirrus
9.496,0.587,-37.744,1.415,Cirrus
9.318,0.591,-28.851,1.69,Cirrus
8.387,0.51,-33.744,2.12,Cirrus
8.352,0.434,-32.755,0.835,Cirrus
9.791,0.468,-26.0,1.785,Cirrus
9.953,0.527,-36.209,2.016,Cirrus
10.21,0.844,-39.185,1.407,Cirrus
10.443,0.452,-35.131,1.431,Cirrus
9.108,0.511,-42.796,1.709,Cirrus
8.751,0.327,-39.462,1.672,Cirrus
10.081,0.643,-43.239,1.791,Cirrus
9.57,0.773,-38.01,1.781,Cirrus
8.214,0.825,-43.26,1.009,Cirrus
8.173,0.541,-43.435,1.995,Cirrus
9.394,0.615,-37.933,2.083,Cirrus
8.858,0.469,-40.689,1.593,Cirrus
8.979,0.606,-49.638,0.753,Cirrus
9.858,0.563,-47.278,1.443,Cirrus
9.607,0.512,-45.736,1.597,Cirrus
10.064,0.528,-44.415,0.928,Cirrus
7.455,0.59,-37.928,1.32,Cirrus
9.203,0.441,-38.905,0.795,Cirrus
9.556,0.452,-34.674,1.804,Cirrus
7.779,0.841,-36.236,1.583,Cirrus
8.476,1.042,-34.64,0.677,Cirrus
8.328,0.259,-36.958,1.676,Cirrus
9.017,0.248,-38.952,1.472,Cirrus
10.302,0.309,-34.503,1.758,Cirrus
10.618,0.479,-35.403,1.304,Cirrus
8.349,0.679,-38.12,1.099,Cirrus
9.421,0.618,-33.645,1.115,Cirrus
9.447,0.534,-51.729,1.231,Cirrus
9.31,0.606,-41.452,1.509,Cirrus
9.319,0.362,-41.529,1.574,Cirrus
9.243,0.451,-34.237,1.405,Cirrus
10.35,0.496,-32.143,1.288,Cirrus
9.882,0.183,-47.251,1.324,Cirrus
8.152,0.268,-32.944,2.754,Cirrus
9.637,0.276,-45.857,1.115,Cirrus
9.714,0.653,-45.706,1.221,Cirrus
9.252,0.549,-41.171,3.147,Cirrus
9.905,0.622,-41.591,1.711,Cirrus
9.15,0.132,-47.792,0.81,Cirrus
9.16,0.203,-36.751,1.921,Cirrus
9.097,0.633,-36.603,1.045,Cirrus
7.385,-0.056,-34.73,1.955,Cirrus
8.936,0.745,-42.167,1.395,Cirrus
8.465,0.135,-40.198,1.28,Cirrus
8.051,0.669,-40.152,2.305,Cirrus
10.147,0.322,-31.56,1.783,Cirrus
9.403,0.71,-54.171,1.986,Cirrus
8.976,1.142,-44.785,1.717,Cirrus
8.548,0.045,-39.972,1.278,Cirrus
9.237,0.639,-45.428,1.806,Cirrus
9.793,0.138,-41.292,2.105,Cirrus
8.338,0.585,-40.63,1.567,Cirrus
8.996,0.459,-43.288,2.401,Cirrus
9.694,0.526,-39.678,1.925,Cirrus
7.451,0.318,-36.859,1.606,Cirrus
8.954,0.656,-41.181,1.626,Cirrus
8.657,0.21,-42.266,1.569,Cirrus
8.893,0.748,-40.829,0.874,Cirrus
8.599,0.418,-40.037,1.455,Cirrus
9.11,0.219,-48.702,1.611,Cirrus
10.539,0.819,-37.692,1.292,Cirrus
8.741,0.487,-42.255,1.669,Cirrus
9.233,0.882,-33.692,1.511,Cirrus
10.596,0.744,-37.045,1.887,Cirrus
8.56,0.34,-34.15,1.832,Cirrus
10.452,0.483,-45.055,1.584,Cirrus
9.004,0.524,-41.857,0.816,Cirrus
10.426,0.805,-46.212,2.395,Cirrus
9.6,0.588,-43.526,1.429,Cirrus
9.246,0.535,-33.739,1.46,Cirrus
8.947,0.46,-32.563,1.329,Cirrus
8.501,0.49,-45.741,1.256,Cirrus
9.061,0.761,-42.291,2.272,Cirrus
9.718,0.501,-40.381,2.193,Cirrus
8.99,0.421,-37.072,1.722,Cirrus
8.747,0.387,-48.799,1.446,Cirrus
8.799,0.389,-48.015,1.81,Cirrus
9.794,0.22,-37.552,1.537,Cirrus
9.98,0.35,-49.745,1.405,Cirrus
8.466,0.8,-42.234,1.669,Cirrus
8.465,0.459,-39.19,1.279,Cirrus
9.303,0.641,-37.922,1.626,Cirrus
10.222,0.004,-40.709,1.602,Cirrus
9.917,0.614,-41.829,1.801,Cirrus
7.999,0.468,-35.777,1.19,Cirrus
8.789,0.404,-38.574,1.855,Cirrus
8.256,0.536,-43.235,1.047,Cirrus
8.786,0.401,-39.811,1.214,Cirrus
10.284,0.075,-38.084,1.236,Cirrus
7.862,0.684,-31.409,0.964,Cirrus
7.705,0.549,-36.068,2.008,Cirrus
8.337,0.437,-33.927,1.015,Cirrus
9.23,0.307,-43.053,1.151,Cirrus
9.497,0.206,-42.621,2.128,Cirrus
9.35,0.545,-41.177,1.215,Cirrus
9.941,0.823,-40.718,1.406,Cirrus
7.59,0.541,-45.04,0.994,Cirrus
9.951,0.223,-33.67,1.916,Cirrus
